bvid,ctime,like,uname,message,rcount,data_source,sent_score,sentiment,intent,quality
BV1YgT26qETR,1783254800,25391,勇者嫁恶龙,放弃版权的意思就是：请尽可能地传播！谢谢！,147,real,0.43403137573325,中,陈述,0.85
BV1YgT26qETR,1783260363,7120,下次丕定投B,漠叔办事，方方面面的，就是贴心，讲究！,71,real,0.9995032246367003,正,陈述,0.817
BV1YgT26qETR,1783277353,5967,知子莫若父__,能力有限，只抓取到本地做了个机翻，我准备发到外网，如果有大手子能做的更好可以联系我发抓取的文件！,62,real,0.45474071833064444,中,建议,1.0
BV1YgT26qETR,1783255014,8850,XY艾利紫栗魂沐霏小号,齐齐哈尔人永远不会忘记，在日本投降48年后的2003年8月4日，日军遗留在齐齐哈尔的芥子气毒剂罐泄露，造成了44人中毒，一人死亡的悲剧。。。。。。,206,real,0.12840061504415634,负,陈述,1.0
BV1YgT26qETR,1783254901,5068,风雨不动安如山的BOY,大多数人都不知道埋藏在我们呼伦贝尔大草原深处的伤痛和秘密,75,real,0.9999983937358575,正,陈述,0.967
BV1YgT26qETR,1783293149,1995,智慧电影了凡四训传家,前事不忘后事之师,14,real,0.12739637105988255,负,陈述,0.633
BV1YgT26qETR,1783288695,4215,智慧电影了凡四训传家,放弃版权的意思就是：请尽可能地传播！谢谢！,12,real,0.43403137573325,中,陈述,0.85
BV1YgT26qETR,1783314795,1385,游乌,作为一名宜昌人，之前并不清楚日军在宜昌反攻战中使用如此之多的毒气战，感谢漠叔的视频，我会教育给我的下一代让他知道历史的真相。,15,real,0.9999816419418736,正,陈述,1.0
BV1YgT26qETR,1783262731,2477,ZearyAn,"我推荐大家可以支持一下
白玉兰0中的《反人类暴行》[捂脸]
“如果受害者都忘了，那加害者怎么会记得”[大哭]
可能去年731电影消费了大家情怀，但这电视剧真实体现日本纳粹的扭曲可怕，沉重的731题材因为好的审美、制作、剧本、演绎得到了很好的历史表达。
不希望好作品被埋没，当然如果有条件，旅游的时候，大家也去看看731部队罪证陈列馆，也建议各大抗日史实材料陈列纪念馆查漏补缺日语翻译，要让对这段历史有了解意愿的日本人也知道历史的真相！[思考]",49,real,0.9999999999999463,正,提问,1.0
BV1YgT26qETR,1783255880,1892,等一场旧时烟雨,无人在意的角落，日本的汇率正在发生变化[微笑],87,real,0.9568036339481648,正,陈述,0.883
BV11qTC6HEvA,1783269643,1583,西可西可,"🔮🔮🔮梓渝你好，转眼认识你已经一年多，去年为了看你的生日直播回到微博，又因为你的鲜活和勇敢留下。
大众常认为，偶像应该感恩粉丝，但是喜欢你的这一年中，我感觉自己获得的更多。我总感觉自己的人生缺少爱，也许这并不是事实，而是我想象力的匮乏，以及对“爱”这个字的狭义理解，但是从你身上我理解了粉丝与偶像的关系，也许不是之前理解的简单的崇拜与被崇拜，而是关于爱的叙事。它发生在刹那间，像火光，悉心照料之后，就会增长，就像火苗点燃为热焰。粉丝对偶像的呵护托举，是一种能够体现存在价值的爱的实践。
接下来的日子，愿你拥有永不熄灭的勇气，我也会悉心照料对你爱的火苗。
最后，我想对24岁的梓渝说，世界是你的牡蛎，请以利剑开启。前路也许又美好也有困难，但山海皆可闯，所有美好，皆由自己亲手展开。",24,real,1.0,正,建议,1.0
BV11qTC6HEvA,1783269952,1513,四年魂兽小花狗,🔮24岁的梓渝生日快乐！从低谷到巅峰，你用坚韧书写奇迹🎂。梓渝粉丝YUNI全肯定你的善良与担当，愿新的一岁万事胜意，我们会一直做你最坚定的支持者你最坚定的支持者💙,29,real,0.999999869524478,正,陈述,1.0
BV11qTC6HEvA,1783273403,698,applemangolitchi,小鱼宝贝🔮！24岁生日快乐！虽然一直说希望你对自己不要太苛刻，但是我们都知道你是一个喜欢严格要求自己的人。所以，在这里就真心祝福你未来的日子里，都能实现心中所想，达成所愿，做更好的自己！,14,real,0.9999999679021511,正,提问,0.974
BV11qTC6HEvA,1783269080,1029,路过一只大番茄,🔮🔮世界赠你风雨也赠你晴空，而我们赠你始终如一的守候。梓渝，24岁生日快乐。新岁启程，去成为更喜欢的自己，不必回头。,9,real,0.9999950831651867,正,陈述,1.0
BV11qTC6HEvA,1783269771,1016,无助壶壶,🔮梓渝宝贝，24岁生日快乐呀，今天是我认识你的第382天，也是我喜欢上你的第379天，时间真的过得好快呀，感觉一眨眼我已经是第二次陪你过生日啦，去年今天，我也守在屏幕前，陪着青涩懵懂的你迎接23岁生辰，你眼含热泪，我亦同你一同落泪。就在那一天，我真切触碰到我们之间紧紧相连的羁绊。你总说眼下拥有的一切像梦一样，那我们便携手，把这场美梦镌刻为现实。小鱼呀，这一路我们共历万般跌宕，一同挣脱泥泞，涉过浅溪、长河，翻越层叠山峦，终于奔赴到这片澄澈辽阔的碧海。你是无拘无束的游鱼，世界是你的海洋。往后我们要将梦境铺展得更加盛大无垠，整片浩瀚宇宙，都是你的无垠海域,26,real,1.0,正,陈述,1.0
BV11qTC6HEvA,1783269006,1075,ビュビュ,💙🔮💙梓渝生日快乐💙🔮💙这是你的二十四岁🔮~💙🔮💙也是YUNI和你跨入的新的一年💙🔮💙祝你事事如愿🔮~💙🔮💙身体健康💙🔮💙每天都有好心情🔮~💙🔮💙我们永远在你的身后💙🔮💙做你脚下的浪花🔮~💙🔮💙推着你💙🔮💙向更广阔的海,15,real,0.9999990611184562,正,陈述,1.0
BV11qTC6HEvA,1783270102,1068,我与羲和z,"🔮致梓渝：
盛夏赴约，迎来属于你的0706。新的24岁，愿你永远被爱意包裹，前路满是鲜花与掌声。保持热爱，自在发光，每一岁都奔走在自己的热爱里，平安喜乐万事顺心。",6,real,0.9998222733671479,正,陈述,1.0
BV11qTC6HEvA,1783350204,136,绿林好虾,🔮小渝你真的好好啊，说练好了给我们展示，就立马找机会给我们展示[委屈]，我们口嗨说想看你光膀子打架子鼓，就真的发给我们看，明明是你的生日，但你会满足我们的愿望，真的很开心！看到你有在好好学习，工作，生活真的无比的安心与欣慰，祝你24岁生日快乐！希望你健康顺遂，岁岁无忧！,0,real,0.9999999394305238,正,建议,0.856
BV11qTC6HEvA,1783271316,563,Stamp_-,"🔮哥哥，不知不觉我喜欢你一年多了诶，真的感觉时间过得好快，还记得我是因为你的可爱外表吸引我，后来深入了解你后才真正粉上你，我从6.23开始喜欢你，到现在从未动摇过喜欢你的真心，人生悠悠二十载，回首发现我真的从未对一个人这样上心过，为了你我学会数据，披上军装，也让我这个铁公鸡把自己的毛扒光了，我想用尽我的方式去爱你、去托举你，但我的目的也就只有希望你幸福，仅此而已，我的力量微弱，是众多YUNI中很渺小的一个，但我知道你会感谢我们每一个人，我从你身上看到了满满的真心，所以我很愿意将我的真心也捧给你🤲
人们总说偶像应该感谢粉丝，没有粉丝哪会有如今的偶像，你好像也这么认为，就像你的歌词一样“我知道因为你们，我才终于成为自己”，但我认为不是这样，我希望你不要过于感谢我们，是我应该感谢你。谢谢你的坚决，谢谢你的不服输，谢谢你一往无前的勇气，谢谢你愿意走来我的面前，谢谢你郑朋，谢谢你成为梓渝，是因为你成为了梓渝，我们才成为助力你攀爬的云梯。
“爱”这个词很珍重，但我会每天对你说至少两次，不是流于表面形式上的“爱”，是我真的很珍重你，很爱你，喜欢你的这一年我很幸福，我从你身上汲取到了力量，令我在昏暗的人生中也有了闪闪星光，你就像星星那般闪耀，照亮我的人生，从去年六月份开始，我们命运的齿轮就在转动了，我不是一个会说永远的人，我可以肯定，我会喜欢你很久很久，可能会久到我也想不到呢。
一年的时间，我见证了你从音乐节到演唱会的路途，看到了你的进步，最初看到远离舞台很久的你第一次站上音乐节舞台时，我在心里为你捏了把杆汗，但你做的很好，并且在音乐节路途里不断进步，这些大家都有目共睹，还有演唱会，我坚信你能做到，当然你做到了甚至更好，还记得看到纪录片里你一遍遍地练习，私下里这样的日子应该是日常吧，你对舞台很负责，并且我看到了你不想辜负大家的真心，你就是这个这么好的人，世界很大，不同的声音也很多，我希望你可以呆在自己的世界里坚守自己！世界是你的海洋，任你肆意流淌！
生日快乐，你好啊24岁的梓渝！💙",10,real,1.0,正,建议,0.958
BV11qTC6HEvA,1783270948,442,涵系酱,🔮郑朋0706生日快乐！！！崽崽天天开心万事如意心想事成平平安安健健康康快快乐乐每一天！谢谢你宝贝儿！我们朋朋最帅最美萌最聪明最棒啦！我们朋朋值得最好的一切！,9,real,0.9999999999999434,正,夸奖,0.941
BV1yFTR6jEbV,1783339739,240,淡云含寒烟,我可以这个主播的马叫评个8.6分，因为看了主播有1.4了[doge],1,real,0.05316244429786343,负,陈述,0.897
BV1yFTR6jEbV,1783348248,450,朝雨有始无终,想马叫就马叫呗，还去考了771找借口糊弄我[doge],1,real,0.27601841500079083,负,陈述,0.892
BV1yFTR6jEbV,1783335360,443,林凡家的小朋友,堪比之前马叫一个小时,1,real,0.6554464329075244,正,陈述,0.608
BV1yFTR6jEbV,1783365656,563,lvgu木可,其实这是系统任务，马叫多少次才能考多少分,3,real,0.48160550718679374,中,陈述,0.792
BV1yFTR6jEbV,1783430147,21,-kagami-,我特么看了43分钟的人类马叫,0,real,0.978235127408514,正,陈述,0.457
BV1yFTR6jEbV,1783420482,6212,马来西亚哥布林厨师长,兄弟你火到外网去了[大笑][大笑][大笑],13,real,0.696801451600597,正,陈述,0.85
BV1yFTR6jEbV,1783378894,1993,bili_81432351923,[doge],13,real,0.5,中,陈述,0.6
BV1yFTR6jEbV,1783428747,833,墨言0426,其实这个颜值能吊打很多人了偏要学马叫_(:з」∠)_,6,real,0.5806492280066732,中,陈述,0.92
BV1yFTR6jEbV,1783353364,2506,源釰,一想到母校即将迎来一个动物园[doge],25,real,0.8064095823070571,正,陈述,0.833
BV1yFTR6jEbV,1783336141,946,帮树治并鸟鸟,唉，这种考场马场双得意的人最阴了[颂乐人偶_眯眼笑][颂乐人偶_眯眼笑][颂乐人偶_眯眼笑],1,real,0.9963424844188637,正,陈述,0.996
BV18HTD61EXk,1783329507,174,很好__保持住,一个游戏公测评论区游戏相关只有ID，可想而知这个游戏有多烂了,1,real,0.8144378003830669,正,吐槽,0.874
BV18HTD61EXk,1783339915,119,人世间过往的尘沙,买了播放量却没买评论数吗[doge],2,real,0.4073421165262755,中,陈述,0.646
BV18HTD61EXk,1783399062,25,天堂福音,预言阴兵借道，高开低走,1,real,0.6238697455946984,正,陈述,0.419
BV18HTD61EXk,1783311533,52,VITIKA交友日记,请这些大咖也掩盖不了游戏无聊的事实🫢,3,real,0.08138762331809901,负,陈述,0.587
BV18HTD61EXk,1783343511,108,魔小一oo,就凭这些花里胡哨的宣传，游戏宣传没游戏内容，大概率就是运营重于内涵的了,3,real,0.04838945299949127,负,陈述,0.84
BV18HTD61EXk,1783311654,26,黑眼圈算符,当一个游戏质量不行的时候，就会企图用明星带动宣传,0,real,0.2499815653268186,负,吐槽,0.639
BV18HTD61EXk,1783311936,331,武陵管代庄天师,😅钱都花在这上面了是吧[笑哭],2,real,0.6127745950670455,正,陈述,0.67
BV18HTD61EXk,1783412291,3,不渡夏风,有300万人玩就不错了,0,real,0.9457658292871004,正,陈述,0.284
BV18HTD61EXk,1783328829,4,糜鹿c,30多岁老登路过...看完想尝尝这游戏咸淡,0,real,0.8699657342397812,正,陈述,0.466
BV18HTD61EXk,1783314981,10,犹豫的人爱啊,Alan Walker居然没有把人声压掉。,0,real,0.03139647122771749,负,陈述,0.524
BV1vNTU6UEHw,1783346801,304,Hakurei_靈梦,杰克的风评确实好过头了，按照某些人说的，拿过s冠，有过高光。那我就要说了，圣枪哥S11冠军，被叫成圣杯哥、大师、圣仓哥、玉小刚，ViperS11冠军，发挥差的时候被贬得一无是处，说不如elk。杰克呢？创造历史，输欧美，输越南，年年外战当陀螺，还能因为所谓的“有过高光，性格伟大”享受这么好的风评,10,real,0.9999990464505804,正,提问,0.914
BV1vNTU6UEHw,1783346830,173,obenic,尿大哥你尿道疼不疼😖😭越南老兵撸两次了我心疼😖,2,real,0.008693358734530254,负,陈述,0.757
BV1vNTU6UEHw,1783314724,298,不给植物人浇水,最近两年，占着lpl前三的位置，出征世界赛，凭着签运，跌跌撞撞走到四强，三比零给T1擦鞋底，猛猛擦，擦的干干净净。我臆想一波，T1打完tes会不会在想，这是哪来的路边一条。再说今年的msi，打个G2被让二追三，输了也就输了，已经习惯了，但是看完hle打G2，真就踹路边一条似的，我又难受上了，打tes一个让二追三的G2，被人家当路边一条踹了，你tes是得多菜啊，在说你打越南捞比，我都没想过会输，我在想着tes这次又给T1贡献个啥外战成绩，比去年三把时间再短点？好家伙，你连越南捞比都没打过，我。。。最后说一句，这是lpl二号种子啊，难道lpl要完了吗？,13,real,0.9870046809136684,正,提问,0.913
BV1vNTU6UEHw,1783318575,587,乃木坂十年白推,歌全让滔博唱了 架全给blg打了 如果最后没拿冠军 骂又全给blc挨了 这世道,27,real,0.03209935398798769,负,建议,0.961
BV1vNTU6UEHw,1783321212,226,会走路的火苗苗,naiyou:到现在为止，还有人以为我在联赛打假赛是为了钱？,10,real,0.6870442084992654,正,提问,0.893
BV1vNTU6UEHw,1783312474,1498,尝试成为狗托的吕树,滔博真得给突然的陀螺磕一个了。现在tes拉坨大的大伙都发一句“听见你说”就当骂完了，再听点up们出的歌这事也就忘了。这要放以前[汤圆],23,real,0.011325067449777682,负,陈述,1.0
BV1vNTU6UEHw,1783300499,18530,Charlotte崔镇定,这几天逛b站的我们[doge],153,real,0.6399554627001249,正,陈述,0.75
BV1vNTU6UEHw,1783408587,40,色颜QAQ,这才几天 就221w播放量？单曲之王:滔博,1,real,0.5687553035902139,中,提问,0.619
BV1vNTU6UEHw,1783337633,186,花落自有花開日,我说句公道话啊，这比赛让一个乐队出去打就不对,14,real,0.650463355769905,正,陈述,0.745
BV1vNTU6UEHw,1783353063,213,-直角-,终于知道为什么诗人被贬之后都要写诗了，因为我看到屏幕上的5个大贬，也想诗[笑哭],2,real,0.9996326296452706,正,提问,0.888
BV1kmT16pEhL,1783258725,443,FLSDDT,[阴险],17,real,0.1428571428571429,负,陈述,0.508
BV1kmT16pEhL,1783263770,86,清蒸天堂,"泛哥哥又搞抽象
四月有什么好番
求求真心值得一看",11,real,0.9498041908029824,正,提问,0.723
BV1kmT16pEhL,1783264150,142,藤圆蛋糕,（透露自己资历）（贬低近年新番）（释放催泪瓦斯[笑哭]）,2,real,0.5545083898087125,中,陈述,0.826
BV1kmT16pEhL,1783262892,75,紫罗兰の流离,看到up也在喷春夏秋冬那看来并非我的问题了，前中期还是挺好看的，但奈何回忆一直有一直有一直有一直有一直有一直有一直有一直有一直有一直有一直有一直有一直有一直有一直有一直有一直有一直有一直有一直有一直有一直有一直有，还tm不同视角回忆，但回忆过程和结果一模一样，真的典型的卖惨番，有一点我一直想说了，你们有没有发现春夏秋冬这部番角色的眼睛经常会崩，像rz一样,0,real,0.9999877651943658,正,提问,0.813
BV1kmT16pEhL,1783260729,1507,doubleYuk1,那我缺的“哈喽大家好这里是泛式”谁给我补啊[委屈],7,real,0.727043892343354,正,陈述,0.917
BV1kmT16pEhL,1783260590,52,厄夜惊雷,居然不介绍库兹马吗？小众哥吃独食了,0,real,0.3967662632371387,负,提问,0.571
BV1kmT16pEhL,1783266335,43,存稿君同志,好漫长的一期啊，我有一种耳朵都听累了的错觉,0,real,0.7736793971308187,正,陈述,0.624
BV1kmT16pEhL,1783259470,243,畔美岬,温馨提示：除了少数几部外，该视频里提的越少的番越好看，没错，就是那些一句话带过的,6,real,0.9366494577312905,正,陈述,0.898
BV1kmT16pEhL,1783306913,143,埃维金人保护协会,"纯路人：re0的男主嬷嬷太恐怖了😰
：咋啦这是？你看到啥了？
纯路人：［图片］
：这是原文",2,real,0.9222047835591601,正,提问,0.86
BV1kmT16pEhL,1783267005,4036,小家辉猫,坦坦荡荡见自己[doge],20,real,0.31406725628432997,负,陈述,0.717
BV1sETy6WEZc,1783332792,189,MoonHalo渡尘,你给字节交钱了吗？盗用人家的香蕉猫专利[doge][doge][doge],8,real,0.5408630004762269,中,提问,0.88
BV1sETy6WEZc,1783392344,2588,蛋炒-土豆丝,有些小说里鬼能打过阴差就离谱，就像杀猪的突然被案板上的死猪给干死了,35,real,0.032670570052734216,负,陈述,1.0
BV1sETy6WEZc,1783322358,457,Chrisia-Dolan,[doge]小心被告,34,real,0.03665130844278808,负,陈述,0.61
BV1sETy6WEZc,1783351095,545,所有玩家之一,"你要是能活着时候去地府，你也能混个编制，只要不是大奸大恶之徒
因为活人进地府属于地府工作失误，他们肯定会想办法的去补偿这件事儿",17,real,0.0003113600505305625,负,陈述,0.956
BV1sETy6WEZc,1783347381,1727,ObviousQ,这别墅确实闹鬼，哪有楼梯是这样的,7,real,0.6795956297699148,正,陈述,0.767
BV1sETy6WEZc,1783387247,322,落花风雨春意晚,抓一只只有一两百就算了，还TM是计件，这劳务派遣[笑哭],3,real,0.8783811079347168,正,陈述,0.885
BV1sETy6WEZc,1783297540,1982,亚大妈QVQ,"开局：坐电梯意外落地府，习得阴阳本领当牛马
结局：我将终结灵异时代",21,real,0.9999940456791129,正,夸奖,1.0
BV1sETy6WEZc,1783332209,2949,某二阶堂神秘伪证女,看到电梯上去两个人超载应激了,27,real,0.09188841689373117,负,陈述,0.733
BV1sETy6WEZc,1783388354,152,溯玉词,疑似彩票店暗广,2,real,0.12136784661622435,负,陈述,0.481
BV1sETy6WEZc,1783322950,173,月亮湾湾-OVO-,没中奖那两回应该是和柳如烟收钱了，所以抵消了就没中奖吧,4,real,0.01894058380399888,负,建议,0.823
BV1ghMK6REtX,1783292310,148,越清绝,这不是剧本我吃，航天能凑齐九个啥子只有演员,3,real,0.9240163955262504,正,陈述,0.712
BV1ghMK6REtX,1783237298,274,蓝梦什么都做不到,剧本，根据三角洲的匹配逻辑只要这把有人带双枪拿狙那么肯定也会匹有狙或者连狙的对手，但对面一个狙都凑不出来。然后就是去牢三开桥，非得挑一个对面可以直架而且没有掩体路又宽又平自己也不给烟然后一个一个上。你说露娜的大其他队看不到，那你露娜电箭手雷和队友的道具呢？真的是侮辱观众智商,16,real,0.9999846071855857,正,提问,0.906
BV1ghMK6REtX,1783241329,124,睡不醒的小U,你自己看那个红狼手炮，都不敢对着主播打，露娜手雷电箭一个都没用，就疾风用了刺，最后几个人不往前冲原地左右跑除了被抽有什么用？你要说乌合之众没配合，那看人死的差不多了不应该直接跑路么？而且非要开桥打，三队人没有一点信息沟通的情况下，是怎么做到整齐划一的从总裁跑到牢区开桥的。不管是从桥下走滑索还是从后侧楼梯或者走码头，就算牢区开吊桥封烟也不是不能打。再说了主播能一个人杀三队人的水平，匹配到的绝密航天的强度连把狙也没有，道具也不会用，对枪也打不中？能不能带点脑子看视频。这不是剧本我吃。,2,real,0.00031638114634435777,负,提问,0.849
BV1ghMK6REtX,1783274690,32,战意电竞魔王护小财,不是演的话对面什么唐比，绝航不带狙，因为一个哈德森卫队走牢三不觉得太牵强了吗，编也给我编好了呀。有那功夫绕东吊卫队早特么走远了。,1,real,0.45676852167370086,中,陈述,0.753
BV1ghMK6REtX,1783241763,56,凌世辰,这么明显是撞车吗？还有人信这是真的，都不说现在还有没有三队能组到一块去，被桥上挑衅了一下就如此默契的全部跑去打桥，然后还跟葫芦娃救爷爷一样，一队一队送，有3个风衣不封烟冲，是把观众当成傻子了吗？,0,real,0.8777545761948722,正,提问,0.793
BV1ghMK6REtX,1783331567,706,智慧电影了凡四训传甲,那桥上恶意组队八个堵桥的咋办？蓝室还有俩蹲闸比特,13,real,0.35666343111434606,负,提问,0.875
BV1ghMK6REtX,1783331555,2082,智慧电影了凡四训传甲,堵桥本身就是官方承认的正常玩法，每次进入游戏下方小提示有：优势地形就在那，你不去，敌人就去占领了,11,real,0.9758719874449893,正,陈述,1.0
BV1ghMK6REtX,1783267216,83,茶雾晨薇,九个人凑不出一把狙，巡飞弹没一个人打，侦查位就一个露娜，道具跟要钱一样，完全不像航天全装队该有的强度，疑点太多了感觉像自建房,5,real,0.8801111805224268,正,陈述,0.821
BV1ghMK6REtX,1783263488,2452,手舞石上月,堵桥本身就是官方承认的正常玩法，每次进入游戏下方小提示有：优势地形就在那，你不去，敌人就去占领了,17,real,0.9758719874449893,正,陈述,1.0
BV1ghMK6REtX,1783274302,16,为了欢笑为了流泪,"剧本很烂，全局一共一根电箭，一根电刺是往正确的地方放的。因为是个人都知道放两个道具乌鲁鲁架都架不了只能跑路。然后就是上的人永远在上桥跳对着天空乱开两枪。连一个预瞄打一梭子的都没有，就生怕打到乌鲁鲁。

最后剧本装正常对局最后还不说的☀wei一辈子",0,real,0.00115432160184481,负,吐槽,0.705
BV1K1Tf6AEhN,1783231911,324,鳖载着礼法典,（说了一些感人肺腑的话）,11,real,0.3574382947865177,负,陈述,0.619
BV1K1Tf6AEhN,1783216650,253,乃琳今天嘬贝拉,我看有人不理解up在干啥，我给大家举个例子，你小时候有一台收音机，陪你度过了童年，长大了你有了能力修理这台坏掉的承载你童年的收音机，尽管它不像小时候那样是唯一的娱乐方式，米还是不辞辛劳，一遍又一遍的修理，直到它到达你认为的最好状态,5,real,0.9999405718827634,正,陈述,0.901
BV1K1Tf6AEhN,1783148183,23276,黄昏之一疯,我曾听古代贤明的君子说过，水井里的污泥不清除，喝水的人就会生病。清理水井的人，从早忙到晚，他做的不仅是去除污秽，也是在修养自己的心性。或许会有人问：“清理水井很辛苦吧？”他却能回答说：“辛苦的是身体，但内心安宁。浊水去掉了，清水就来了，就像仁德之人感化他人一样。每一瓢水、每一次汲取，都是天地的明镜，怎么会因为流汗而感到羞耻呢？”,1166,real,0.9996926528305671,正,提问,1.0
BV1K1Tf6AEhN,1783218368,176,浅屿qvq,突然想到了一件事，古井之所以这么深，就像是像up这样的人，一代一代去修复它。见到很深的古井时，就总觉得这些人了不起，挖这么深，现在又突然觉得好像是一代又一代人的接力[星星眼]（仅个人观点）,2,real,0.999995010955714,正,陈述,0.875
BV1K1Tf6AEhN,1783220065,818,_七月望_,难怪说吃水不忘挖井人呢，这个视频看着都要把人累死了[笑哭],6,real,0.6496165390720016,正,陈述,0.969
BV1K1Tf6AEhN,1783352118,115,七月雪下九月泪,在不知道多久之前也有一个人打量着这块地方想到：“也许在这里挖一口井乡亲们会方便不少。”,1,real,0.9500299454037899,正,陈述,0.844
BV1K1Tf6AEhN,1783298493,155,月出溪路静,这个说成为打卡景点的弹幕，何意味？up主千辛万苦的修理整顿这口井，弄成网红打卡点又被那些没素质的网红丢垃圾污染了？啥地方都能当打卡点了？,2,real,9.906477422949589e-05,负,提问,0.865
BV1K1Tf6AEhN,1783232137,3575,蓝天里的小页数,我举报了视频和评论区里所有不友善、引战评论和不友善弹幕,58,real,0.8853304350513429,正,陈述,0.95
BV1K1Tf6AEhN,1783425492,183,_SRT霞泽美游,up主不惜辛苦、不顾小人乱语袭击而独自修好古井，这人能处啊！俺欣赏他。,4,real,0.9919782330792011,正,陈述,0.877
BV1K1Tf6AEhN,1783273000,41,玉玉是gay,"“爷爷，为什么我们要经常来清理这口井啊？”
“因为井一旦长期不打扫，就断了根喽，和你一样大的小朋友，就不会来这井洗手，长大离开这里去大城市闯荡也就不会记得了。”
“这口井不打扫会很脏吗？”
“嗯，很脏。”
“有多脏？”
“…你看看这段视频”
（爷爷掏出用了好几年的iPhone78promax，打开b站找到了视频给孙子看，爷俩席地而坐，身旁不远处就是井水）
“这样太脏了吧？这人要是能清理干净我叫他一声爷”孙子惊呼道。
爷爷没有回应，默默的盯着屏幕。
中间无话，边随着孙子愈发明亮的眼睛，时间缓缓流逝到了视频末尾。
“哇！这人也太厉害了吧！居然能把这么脏水井弄的这么好。”孙子感叹道。
“这井就是咱们身边的这口井。”
‘！！！视频里这个人是谁，我怎么没见过？在村里他现在年纪应该已经很大了吧，我是不是见到他改管他叫爷爷了’
‘该叫的人是我’
2026年7.5日，鄙人见此人打扫水井，心发感慨，觉天地之广大，人生不过百年，不应困于樊笼，应当回馈自然，扫井以静心，排污以去浊，造方寸净水，予后人以观，此为人生之意义。倘洁境之行能广见于世、绵延千秋，则举目无杂山河净，满目皆是金银山。b站up主，有能独身清淤井者，吾观之甚好，顿感应效仿，留善举于世、于后人，故留字予以后人闻",2,real,0.9999999999999996,正,提问,0.771
BV1WdTS6eECV,1783311576,8129,齐陵云,"制作人/编曲/作曲/混音/母带：余宗儒
“年轻人就是要 炸！”[doge]",63,real,0.9994071825708891,正,陈述,1.0
BV1WdTS6eECV,1783314414,5618,闲云不是猫,"吾乃邦斯塔特，挽昼的告死天使！
以极限邦布之主诺姆之名，为了罗斯凯利法！",102,real,0.1714437047307542,负,陈述,1.0
BV1WdTS6eECV,1783315291,2789,人活着为了符华啊,我就说根本没有风属性，纯属维琳娜劲大，拿把铁扇子扇出来风大，硬说自己风属性。[笑哭],27,real,0.07939424848338261,负,陈述,1.0
BV1WdTS6eECV,1783322439,1993,白叶墨羽,没错，一切为了六分街！为了绳匠！,21,real,0.4295818243094618,中,陈述,0.767
BV1WdTS6eECV,1783312512,1728,HMH717,还有伊斯特凡五号战役—罗斯凯利法版,9,real,0.9466333891228232,正,陈述,0.783
BV1WdTS6eECV,1783313927,1742,瓶中星云梦,"梗含量太多了，除开已经明牌的极限战布，后面传送带上的小黄(人)布，waaaagh布斯，香蕉(君)布，还有银魂的伊丽莎白布，那个小不点不清楚了。
不过有一个可能没人注意到的就是1:15三个在桌子上跳舞的邦布实际上就是蜡笔小新的屁股舞。",25,real,0.005261228527168371,负,陈述,1.0
BV1WdTS6eECV,1783314031,1317,繁羽disaster,"《诺姆大叛乱》
那么，战争就此开启——从六分街录像店直至罗斯凯利法。让外环沸腾！让卫非地陨落！纵使流尽邦布体内最后一格电，我也要亲眼见证新艾利都重获自由。倘若我终究无法得到你的经费批准，维琳娜……那就让整片新艾利都燃烧吧！",19,real,0.9997069138691836,正,陈述,1.0
BV1WdTS6eECV,1783311982,2705,盧盧盧-,一个赞用一天头像[喜欢],26,real,0.8009513186934794,正,陈述,0.7
BV1WdTS6eECV,1783319608,1226,无糖的鸦可,老大，原来不止有猫猫头战帮呀，兔兔头战帮也有。,6,real,0.9160705029320709,正,陈述,0.883
BV1WdTS6eECV,1783310988,1059,画___风,电音是对的！！！[加油][加油][加油],41,real,0.9938653203697697,正,陈述,0.833
BV1ryTC62EQQ,1783315570,555,爱吃奶酪的小狐,ringo已探索中国部分：0.0001%,3,real,0.9759316883796482,正,陈述,0.791
BV1ryTC62EQQ,1783310268,745,玲琳雪露,"米哈游拒绝了Ringo的简历投递可能是因为画风不符合他们的要求吧，但是塞翁失马焉知非福呢
比起在大厂做个员工画原创还更有趣，更为人所知[汤圆]",8,real,0.6585530526720164,正,提问,0.979
BV1ryTC62EQQ,1783311412,9421,10_-弩拓-_01,Ringo拿了奖是不是可以变成金苹果了[Cat2_Watching!],132,real,0.7906023041533355,正,陈述,1.0
BV1ryTC62EQQ,1783312784,517,王泓橙,赢了比赛的Ringo:[doge][doge][doge],5,real,0.8587380414712886,正,陈述,0.936
BV1ryTC62EQQ,1783311011,648,是条滑光仔,Sorry🍎 第一眼看成地球被苹果举起了… [UPOWER_3546929608788700_苹果what],3,real,0.9983113869172602,正,陈述,0.969
BV1ryTC62EQQ,1783309881,3158,猫猫寻LI,人群中一眼望到轰[笑哭],31,real,0.8957313824208359,正,陈述,0.7
BV1ryTC62EQQ,1783413657,419,bili_27471825143,我不行了，YouTube上的播放量没b站上高,14,real,0.3688469111252346,负,吐槽,0.804
BV1ryTC62EQQ,1783309770,3619,夫克雷雷,中午啦大家，,35,real,0.37378640776699057,负,陈述,0.6
BV1ryTC62EQQ,1783312967,3889,王泓橙,"哇啊啊，Henry和Ringo 是一对情侣
他们有两个纯爱
台下观众欣喜若狂.....",71,real,0.9946452218418214,正,陈述,1.0
BV1ryTC62EQQ,1783312682,845,王泓橙,哦，Ringo同志，能否提升一下更新频率，例如，一周七梗[doge][doge][doge],12,real,0.2691989239815885,负,提问,0.988
BV1AeMF68EBg,1783153120,884,歌者寒蜩,彪子，记得咱们小时候一块做星际战舰，不过长大了都忘了，你还会吧？,6,real,0.9969161480927907,正,提问,0.991
BV1AeMF68EBg,1783254128,513,国宝熊猫o,感觉做的没我妈专业,11,real,0.5091006673069615,中,陈述,0.602
BV1AeMF68EBg,1783154701,401,-幽遊白書-,那个年代虽然物资匮乏了些，老百姓手里没多少钱，但是老一辈人的动手能力简直就是逆了天了。,3,real,0.9930417723892686,正,陈述,0.934
BV1AeMF68EBg,1783271928,4685,巧赛巧,我很有发言权，我家门帘现在还有这种纸门帘，也有那种珠子串起来的门帘，都很好看。都是我妈妈做的[脸红],65,real,0.8914649852911753,正,陈述,1.0
BV1AeMF68EBg,1783174900,113,鲨鲨上浮中,这期的活是真狠[笑哭]这得干到猴年马月啊,5,real,0.13661632680934266,负,陈述,0.676
BV1AeMF68EBg,1783187122,5792,煎饼果子神教果篦老仙,古法拼豆[doge],9,real,0.44767845850986676,中,陈述,0.667
BV1AeMF68EBg,1783219517,2848,decemberlin,我家以前用的这种门帘，我还以为你做这种的，结果做这么高级的[哦呼],32,real,0.5215815818186234,中,陈述,1.0
BV1AeMF68EBg,1783237579,84,海斗大厨尬小糖,这up海外巨火，老外大半夜不睡觉就看他[笑哭],2,real,0.04900933542304564,负,陈述,0.705
BV1AeMF68EBg,1783153233,6219,日洒江澜,看见我用这么大钉子钉纱窗时的父亲,16,real,0.5283117564916393,中,陈述,0.767
BV1AeMF68EBg,1783355676,718,老谢大帅了,[tv_点赞][tv_点赞]看教程自己编的,18,real,0.9936784316032746,正,陈述,0.826
BV1VKTv6rEp2,1783414851,97,田野上的希望吧,国服不是有安全区模式吗？自己在安全区里纯种地养老，当休闲游戏玩就好了,0,real,0.9907515367719452,正,提问,0.832
BV1VKTv6rEp2,1783417624,99,有冇de人,上班没时间玩了，打算在安全区模式里养老，有没有一起在安全区建城、种田的,0,real,0.6359183253761627,正,提问,0.833
BV1VKTv6rEp2,1783415129,95,给我整雷了,玩法模式多挺好，放假有时间玩的时候进阶、挑战模式猛猛冲，上班没时间就安全区模式种种地休闲休闲，不冲突,0,real,0.9999671936131672,正,陈述,0.83
BV1VKTv6rEp2,1783418369,93,新事物新体验,上班党有福了，每天上线一小时，安全区里搜搜绿卡搓搓东西，不用怕家被偷光，想爽两把就去交战区逛一圈,0,real,0.0029460218237612468,负,陈述,0.829
BV1VKTv6rEp2,1783414419,99,根本不会早睡,国服有安全区模式啊，安全区里不能开火，纯建造不怕拆家还不够休闲吗,0,real,0.7097444013920582,正,陈述,0.833
BV1VKTv6rEp2,1783418136,97,心碎X无痕,打架、捡装备、偷别人家，之前看别人直播这样搞，是不是只用感受抄家的快乐，但我这样技术不够的还是先安全区模式多玩玩,0,real,0.9187787257933075,正,陈述,0.832
BV1VKTv6rEp2,1783414473,93,礼拜吧你,这游戏独狼相对要刚练一点，可以先安全区模式练练，说不定还能找到玩得来的，一起组队玩别的模式,0,real,0.9985611769434023,正,陈述,0.829
BV1VKTv6rEp2,1783418685,99,抬头别低头,失控进化难度划分挺明智的，终于不用所有人挤一个强度互相折磨，老玩家想高强度对线冲红卡就去进阶服，新手、枪马的、爱建家的在安全区慢慢玩,0,real,0.9998336735199634,正,陈述,0.833
BV1VKTv6rEp2,1783350396,97,淡漠闻竹,要知道之前只有外服的时候rust都让国内不少主播玩的昏天黑夜了，这下国服上了端手互通，我不仅可以白天手游发育，晚上电脑抄家，万一白天不能接触电脑被抄家了也可以紧急防御一下，这下国内soc游戏真的是大结局了,0,real,0.8821959473068648,正,提问,0.832
BV1VKTv6rEp2,1783416674,92,滇再,新手建议去安全区过渡，有大范围安全区可以不用交战纯建造生存,0,real,0.5591561365464062,中,建议,0.811
BV1WsTy6JEE8,1783242445,5463,一望二三里_,女巫嘛，我熟的呀。有一瓶解药和一瓶毒药。,52,real,0.8452934943025293,正,陈述,0.833
BV1WsTy6JEE8,1783242544,6186,李朋歌,一个从小被歧视的罗姆女孩，拼命想逃离女巫的身份，最后却发现离开传统她连饭都吃不上，只能回来求着学巫术。而她女儿的回答更扎心，我会听妈妈的。这句话简直像一面镜子，上一代人用一生反抗的东西，下一代人却自愿接过来，因为这是她们唯一看得见的出路。女巫王国再华丽，底色还是那个问题，当一个女孩不想再做女巫的时候，她真的有地方可以去吗[doge],35,real,0.9999994728304392,正,提问,1.0
BV1WsTy6JEE8,1783242180,745,KCN不是糖,百万支票系列终于更新了，非常喜欢怀古做的内容[大哭],10,real,0.9950076068892936,正,陈述,0.912
BV1WsTy6JEE8,1783244286,3781,kuvick,难不成仪式的费用主要根据雇主本身的财力以及涉及问题的复杂程度以及准备仪式的成本来决定的？所以没有什么一口价，因为每个仪式都是高定[辣眼睛],25,real,0.7652615951820134,正,提问,1.0
BV1WsTy6JEE8,1783242128,2718,-随便吧,好棒的调色和内容，喜欢这个系列像纪录片一样的质感,26,real,0.9990789559193942,正,夸奖,0.9
BV1WsTy6JEE8,1783242820,500,桃栀药药,历史上的女巫真的不是化学家来的吗？[doge_金箍][doge_金箍],11,real,0.9796159538830598,正,提问,0.95
BV1WsTy6JEE8,1783244195,373,寂寞泡面冷,如果这些女巫的运气不好，这仪式做完之后客户要求的事情没有达成，会不会收到差评[doge_金箍],16,real,0.1981599412461722,负,提问,0.929
BV1WsTy6JEE8,1783242271,1452,燃烧的塑料棚,最喜欢的系列之一竟然在我吃饭的时候更新，直接开吃😋,8,real,0.2731642223027395,负,陈述,0.917
BV1WsTy6JEE8,1783242380,1105,Genius蓝莓,五分钟前！超级喜欢怀谷的风格啊啊 算下来这个系列应该还能再出5～6期,15,real,0.9615527121217907,正,建议,1.0
BV1WsTy6JEE8,1783244279,418,Z___Z--,女巫自己真的相信魔法吗？,66,real,0.9928725247121349,正,提问,0.637
BV1ysTy6JE5u,1783343557,4774,RRRaikou,建议把图鉴语音改成弱智豆包[doge],75,real,0.19793389408855167,负,建议,0.817
BV1ysTy6JE5u,1783403929,843,3180ddf,这个视频不亚于当年的这个,5,real,0.6321769016893611,正,陈述,0.688
BV1ysTy6JE5u,1783423049,1102,很椰很椰的椰果,为什么不用这个？,46,real,0.3693910911319984,负,提问,0.633
BV1ysTy6JE5u,1783413632,106,哈气的祥子,up再早发几年播放量起码百万了[笑哭][笑哭][笑哭],2,real,0.9968099719159701,正,陈述,0.788
BV1ysTy6JE5u,1783472798,2,兰鲨FurryMW巨浪护卫舰,@巴-拿-马 @飞天1919 @涧族长老雾羽 @黑刃兽 @是诃鱼呀 @坤1588,2,real,0.9999865928800109,正,陈述,0.58
BV1ysTy6JE5u,1783345165,1261,西雪連OffichaI,放18年高低是每周必看[笑哭],8,real,0.8865658597395569,正,陈述,0.75
BV1ysTy6JE5u,1783402916,106,亲亲食品官方,原来我以前看的是盗版宝可梦[笑],9,real,0.5536316709458102,中,陈述,0.605
BV1ysTy6JE5u,1783397752,445,狂三的士道,我的童年啊😭,4,real,0.9161932331818383,正,陈述,0.541
BV1ysTy6JE5u,1783413241,90,为妳按下F键,赛富豪来了,1,real,0.6645037616567707,正,陈述,0.41
BV1ysTy6JE5u,1783414057,247,酪氨酸奶酪,再做几集吧,5,real,0.638075098310864,正,陈述,0.482
BV12zT16ZEVc,1783279411,391,棒氏赢学师从冥遗,"赢了的blg没流量
输了的桃啵有流量",12,real,0.9288070830497688,正,陈述,0.732
BV12zT16ZEVc,1783262784,477,华丽女大枪,被TES恶心到了，但是一想到LPL竟然无法阻止TES出线就更恶心了。,23,real,0.005012741829355627,负,陈述,0.947
BV12zT16ZEVc,1783273843,312,Wionth,赢了有掌声，输了有歌声，真有你的,2,real,0.3624964474341811,负,陈述,0.683
BV12zT16ZEVc,1783260549,513,Ki丶Koo,BLG真的是太耍大牌了，这种队伍真的太过于高调了，出国打个msi居然还带个乐队。。,9,real,0.702395289003594,正,吐槽,0.952
BV12zT16ZEVc,1783318102,189,所长别开枪又是我,输完G2大伙儿还在逐帧分锅呢，结果转头输越南，大伙都沉默了，然后笑了[doge],3,real,0.9695985489232632,正,陈述,0.88
BV12zT16ZEVc,1783302171,197,紫言柬不想说话,TES是什么顶级男团组合吗？为什么每个赛季都有传唱度这么高的单曲发行啊[思考]。,4,real,0.9848530381511587,正,提问,0.883
BV12zT16ZEVc,1783431752,7,路過許可,"可惡，這首我覺得是最好聽的滔博金曲
播放怎麼才一百多萬[热]",1,real,0.07769709102857736,负,陈述,0.65
BV12zT16ZEVc,1783343401,292,不是反应慢是不吃晃,值得注意的是，滔搏赢了一小局，也就是说，保留了下次继续创造新历史的可能性,8,real,0.9311344734352698,正,陈述,0.911
BV12zT16ZEVc,1783293381,91,萌新接待,我已经爱上滔博被外卡抽了，这种感觉无与伦比,3,real,0.7453955615156522,正,陈述,0.677
BV12zT16ZEVc,1783272140,5521,135柒,"某种程度来说，超越tes、Jack的大满败记录的难度可能仅次于Faker的六冠王。
毕竟六冠王只要一直强就可以了。
而究极大满败，要非常稳定的强，能够进各种各样的世界赛，然后还要非常的菜，不管谁来都能踹两脚。[微笑]",65,real,0.9999967309706785,正,陈述,1.0
BV14oMT6dEyF,1783306525,103,林清枫ヾ,人生第一台手术图中意识清醒，意识到医生在拿电钻钻骨，啪嗒一下血溅在脸上，还有叮叮当当拿锤子敲打，感觉到肢体被拉扯的动作。后面又睡过去了，起来后我问医生，你们手术室里面都这么暴力吗？还有电钻锤子，这话给那个医生吓一跳[笑哭],2,real,0.9974277200658269,正,提问,0.836
BV14oMT6dEyF,1783263484,133,吃牛杂的亲王酱,两个月前腿骨折了，做全麻打钉子，麻醉师给我把面罩扣上了，我还跟我边上的主刀医生聊天呢，说最近网上有这个吸了麻醉能数几下才昏过去的挑战，我临昏过去之前，只看到医生轻蔑一笑。再有意识的时候，我感觉自己在千星奇域里，玩看身体部位猜角色的游戏，我还搁那喊“这是温迪，那是九条！”的时候，就听有人喊我“醒一醒，别温迪了！”，然后我就醒了，看到已经出手术大厅家属接人往病房推了。太社死了。,9,real,0.2004532286288745,负,陈述,0.854
BV14oMT6dEyF,1783212526,181,IM星闪,我记得当时割包皮的时候，是拿针来扎那个麻醉剂的，好像。然后差不多就灌了两秒钟，然后就睡下去了,33,real,0.12288174853549738,负,陈述,0.877
BV14oMT6dEyF,1783260311,445,中东第一跑男,来一张,10,real,0.34289617486338797,负,陈述,0.491
BV14oMT6dEyF,1783268403,93,the鸭脖,我小时候摔到额头做过全麻。因为全麻的时候你其实已经“死过一遍”了，所以不会有任何感觉。没有任何感觉是什么感觉呢？差不多等于时间穿越。想象你倒数321闭眼再睁眼，时间过去了一个小时，就这样。这中间不会有任何想法、不会有睡着的感觉，不会有任何梦，就是纯粹的闭眼再睁眼就是一小时后了。,3,real,0.7394979954343428,正,提问,0.829
BV14oMT6dEyF,1783312602,42,杨凌爱追小雨,这就不得不提有一个哥们手术前一天熬夜玩电脑，麻醉以后，过了时间还没起，他倒是睡爽了，麻醉师可是脸黑了[笑哭][笑哭],1,real,0.9414026450801394,正,陈述,0.772
BV14oMT6dEyF,1783221588,108,烟雨倾城2,有次去做眼睛手术，要用针缝合巩膜。开始打了一针，医生刚刺上来我说疼。然后打了第二针。结果第二针打了还是疼。然后又打了第三针。结果还是疼。但是我当时都不好意思了，就没说了。忍着疼做完手术[笑哭],8,real,0.91471218474904,正,吐槽,0.84
BV14oMT6dEyF,1783321638,176,M8七_,我好像沾点麻药耐性，21年做手术不知道什么时候，突然有一点点意识了，能感受到疼痛和无法呼吸，然后就听见了旁边很大一声“woc”，再然后我就又没有意识了，醒来已经在病房了，真的疼死我了[大哭],7,real,0.9378865696820692,正,陈述,0.875
BV14oMT6dEyF,1783214823,2208,B战的战地,"局麻做到一半后的我：
麻醉师：我曾经有一份工作",41,real,0.6919603592185484,正,陈述,0.883
BV14oMT6dEyF,1783258707,44,人穷脸丑y,"全麻，和麻醉医生吹了半个小时水才失去意识。
手术一半醒了，和主刀（我老师）讲我醒了，电钻太吵，又被麻翻继续。
整个过程自我感觉犹如宿醉。
本人也是医学狗。
由于恐惧，术前收缩压180。
术后装硬汉不用镇痛，（挂完抗生素当天就溜回家了）痛到两天两夜睡不着，吃了颗曲马多瞬间放松，睡了12小时。
所谓术中知晓，完全不像网上吹的那么恐怖，就是宿醉的感觉，并且相比宿醉还不上头（不头疼，不口渴）就是水挂多了尿多。",4,real,2.7581568388779232e-05,负,陈述,0.775
BV1HBMF6dEcN,1783158639,1085,枉自说书,看到沃齐尼亚用命根子极限挡球时后眼神清澈的梅西：,6,real,0.7522361851935748,正,陈述,0.9
BV1HBMF6dEcN,1783152207,1181,砥砺深耕履践致远,以后再有人给国足找理由说什么国内没有足球土壤、足球运动员稀少，就把佛得角甩他脸上[呲牙],47,real,0.0035748088176640325,负,陈述,1.0
BV1HBMF6dEcN,1783169611,929,只是一个路人jpg,西班牙：我还以为是我敏感了，直到看完大家的分析，我想说我当时确实不舒服,1,real,0.9963666492521914,正,陈述,0.995
BV1HBMF6dEcN,1783175804,642,屑雷龙是只鸽子,佛得角这一次世界杯打了三个世界冠军[笑哭],8,real,0.9942332681916971,正,陈述,0.818
BV1HBMF6dEcN,1783167560,953,琰柩玖,阿根廷这边抽筋的抽筋，流血的流血，拼死用蛋🥚挡球的都来了[笑哭]这一局元气大伤，下一局不知道能不能恢复的过来[笑哭]比看热血动漫还热血,6,real,0.9992087124895741,正,陈述,0.997
BV1HBMF6dEcN,1783169450,529,但是，不好吧,这场比赛，比上一届踢法国还累。。我真服了，，佛得角要不是遇到阿根廷，，可以前八。,7,real,0.30747954709808434,负,陈述,0.954
BV1HBMF6dEcN,1783168766,357,想要成为索拉尔,西班牙：我真不是区啊，你们相信我啊！,3,real,0.7717445310638196,正,陈述,0.726
BV1HBMF6dEcN,1783164958,3052,白胡椒茄,梅西看见人墙没搭好都没进的角球时,37,real,0.3928421142999081,负,陈述,0.767
BV1HBMF6dEcN,1783263159,257,真是偷税啊,沃齐尼亚现在真实概念神了吧，之前比赛根本无人关心，世界杯表现超神后就退役，无敌了[喜极而泣][喜极而泣],1,real,0.9988365993661814,正,陈述,0.902
BV1HBMF6dEcN,1783219770,265,会游泳的鸭梨,"以前你沃叔说过，他的梦想就是扑到梅西的球
现在反过来了，牢梅的梦想就是进一次你沃叔的定位球",2,real,0.9998969646842082,正,陈述,0.904
BV15GTt6WETa,1783089457,875,萧季,童年呀，当时结局父子俩走向天空看完了感觉很伤感。,5,real,0.9999999931696415,正,陈述,0.89
BV15GTt6WETa,1783221252,3205,大飞鹏鹏,《父与子》漫画作者卜劳恩和儿子,5,real,0.9985999810745508,正,陈述,0.75
BV15GTt6WETa,1783162783,1226,kirakiradaze,怀念着我们的过去，怀念着我们的童年，致在最黑暗下的时代里最温暖的人性之光,6,real,0.9999937899477084,正,陈述,1.0
BV15GTt6WETa,1783121655,24264,红烧清蒸猪肘子,至今忘不了这个结局,164,real,0.8978979157181389,正,陈述,0.65
BV15GTt6WETa,1783212551,3142,小唐喜欢收尾人,对比最鲜明的一集[笑哭],17,real,0.968789296564723,正,陈述,0.7
BV15GTt6WETa,1783094820,5366,全部成为s,快发外网去吧，别到时候被人先发了，真的是很优秀的图片,26,real,0.8938945291287647,正,陈述,0.933
BV15GTt6WETa,1783166986,3061,考研竞赛青柚,悲伤,29,real,0.9803921568627451,正,陈述,0.533
BV15GTt6WETa,1783093268,915,SGA_sans,这个视频就像是,2,real,0.65976060732893,正,陈述,0.61
BV15GTt6WETa,1783133912,852,SYSTEM-LMR-RAZSS,[支持],11,real,0.626712328767123,正,陈述,0.555
BV15GTt6WETa,1783082374,4101,-雨天鱼TANG-,🤓👆,30,real,0.5,中,陈述,0.533
BV1h5QaY5EaH,1783012120,132990,剪刀布娃娃,2026-7-03凌晨0.00现已部署重生坐标↓,3460,real,0.7621389499679271,正,陈述,0.9
BV1h5QaY5EaH,1757977696,139881,木马转着,时间会证明突然的陀螺的含金量,5630,real,0.780446228192712,正,陈述,0.733
BV1h5QaY5EaH,1783101413,76787,加速了加速了,2026-7-5现已部署重生坐标↓（越南 vs TES你们知道吗[微笑]）,2749,real,0.9360973746855102,正,陈述,1.0
BV1h5QaY5EaH,1762077021,128548,蔚蓝边际,2000w播放在这样的节点达成吗，也是气笑了[tv_笑哭]大概率不会出滔搏新视频了，大家就听这个吧,4696,real,0.923196619088249,正,陈述,1.0
BV1h5QaY5EaH,1760761566,45168,幸存者xxx_,TES真得感谢《突然的陀螺》，不然现在弹幕上飘过的就不只是 听见你说 这么简单了。,86,real,0.7287914691399865,正,陈述,1.0
BV1h5QaY5EaH,1761966260,51808,华山令狐冲冲,一部优秀的作品，是会给予观众，在不同时间不同地点的不同感受,314,real,0.99885026030166,正,陈述,0.983
BV1h5QaY5EaH,1762152310,78377,鱼幼薇不养鱼养猫,"这首歌救了滔博，没有这首歌的解构，滔博不知道还要挨多少骂，自从出了这首歌，大伙都把滔搏当谐星了，赢了皆大欢喜，输了逗大伙一乐
关键滔博还真的宠粉，经常逗大伙开心",193,real,0.037626179963074935,负,陈述,1.0
BV1h5QaY5EaH,1783224607,34961,巴黎之北,"2026-7-05中午12:00现已部署重生坐标↓
目前滔博0-1TSW，最后滔博2-3TSW，不怕时空警察[微笑]",1829,real,0.3585314202445655,负,陈述,1.0
BV1h5QaY5EaH,1763697012,23218,风柯不吟,明年还能回顾，这就是神曲,910,real,0.9978569823317561,正,陈述,0.7
BV1h5QaY5EaH,1780922695,24136,王王王王王zz,3275.4，记录一下，到时候看14号多少[脱单doge]之后的msi又能涨多少,2783,real,0.6400766018365383,正,提问,1.0
BV1PoTQ6rEqA,1783366462,859,猫六师傅,你和审核但凡有一个是人我也不至于看到这种似[喜极而泣],6,real,0.03572671146155981,负,陈述,0.939
BV1PoTQ6rEqA,1783391533,91,自闭的9,@极品抑郁小壆生 我好不容易拿到手机……刚打开哔站就给我骂了一顿。。。啥意思嘛,2,real,0.14900909460890122,负,陈述,0.827
BV1PoTQ6rEqA,1783419696,1804,大李子-2,[笑哭],5,real,0.8338411492373967,正,陈述,0.567
BV1PoTQ6rEqA,1783421843,108,誒谛Q_Q,木叶村村歌,3,real,0.655813581010053,正,陈述,0.423
BV1PoTQ6rEqA,1783392768,407,想念琳的带土,这不是我们木叶村的顺口溜吗？,3,real,0.49934631020019205,中,提问,0.668
BV1PoTQ6rEqA,1783350198,18585,假装偶遇,豆包豆包，帮我把声音替换为钉宫理惠,340,real,0.24197916420800547,负,陈述,0.783
BV1PoTQ6rEqA,1783415331,1871,安迷修l,[香奈美·追寻那道光 应援装扮_比心],17,real,0.9856554516634579,正,陈述,0.817
BV1PoTQ6rEqA,1783412990,105,l福生玄黄天尊l,豆包豆包，给我把背景换成木叶村村民[笑哭],6,real,0.9860296451228461,正,陈述,0.688
BV1PoTQ6rEqA,1783439733,3,小萱baby啊,@雾yz1 @逾歾 @心水秋梦 @航星-北海,0,real,0.9999618714199577,正,陈述,0.467
BV1PoTQ6rEqA,1783438664,73,是闪电啊qiu,感觉日语骂人杀伤力好低啊[笑哭]我这种玻璃心的都看笑了,11,real,0.6679885790254801,正,陈述,0.761
BV1aGT26KE7g,1783334066,6014,taki超有梗,上班之后终于懂章鱼哥为什么半死不活的了,28,real,0.04087987906474766,负,提问,0.817
BV1aGT26KE7g,1783331546,1883,不同寻常的鸟,以前的你上哪去了？,4,real,0.4869103343988235,中,提问,0.65
BV1aGT26KE7g,1783272481,5173,夜燃光,和海绵宝宝之类的不同，看强哥是真的深有感触，尤其是强哥这半死不活的样子[笑哭],69,real,0.9599422901910684,正,陈述,1.0
BV1aGT26KE7g,1783419976,507,HL-Reginald,毕业是什么感觉呢？,2,real,0.7320610128947989,正,提问,0.601
BV1aGT26KE7g,1783388409,91,残血的名字,之前看有人说海绵宝宝跟强哥很像，但我说真的，海绵宝宝热爱自己现状的生活，有好朋友，有稳定的工作，有生活的保障，更重要的是，海绵宝宝是有棱角的，而你强哥被磨的跟个水煮蛋没区别了,3,real,0.9999980842754035,正,陈述,0.827
BV1aGT26KE7g,1783404616,60,繁华唱遍_,条件没这么好，光头强有自己的车还有一套房呢😭,3,real,0.7275900726339138,正,陈述,0.664
BV1aGT26KE7g,1783338605,1431,漆黑夹克衫,以为强哥会倒，做了受力分析后才知道不会倒,14,real,0.5546507638014696,中,陈述,0.833
BV1aGT26KE7g,1783316603,399,psj四目道长,"两点一线的生活，总会出现转机
有可能就在“明天”",3,real,0.7115021258220335,正,陈述,0.834
BV1aGT26KE7g,1783345401,75,一只N_,他似乎是为数不多的死去后没有被大范围恶搞的名人,6,real,0.44366831504196,中,陈述,0.697
BV1aGT26KE7g,1783395564,412,クリスマス,和房梁表白了，她一直吊着我，我脸红红的，感觉是恋爱了,7,real,0.651252204859604,正,夸奖,0.869
BV1mwMc6uEdX,1783223994,231,Sgt_Chang,我去，第一次看ai剧，剧情全靠旁白，无演技无逻辑转场运镜一坨，但看得津津有味[吃瓜],11,real,0.9987698319492864,正,陈述,0.894
BV1mwMc6uEdX,1783259112,262,阡陌书笙oh,难怪现在电影行业没落了，这AI拍的比大多数电影好看多了，这盛世真如冯导所愿，没有人为你的垃圾电影买账喽[鼓掌][打call],12,real,0.9970646982927557,正,陈述,0.903
BV1mwMc6uEdX,1783299879,49,瑞克格莱姆斯警长,我去，凭什么你们可以一集一集追，而我只能刷到了合集，那我只好勉为其难的看合集了[呲牙],1,real,0.03930370993339116,负,陈述,0.783
BV1mwMc6uEdX,1783258378,50,PAIMON-派蒙,你不换，一样暴露。因为只有啥都不缺的人才没有交易的意愿。,2,real,0.00913386210095879,负,陈述,0.751
BV1mwMc6uEdX,1783272419,2214,炫了这碗干拌面,这视频避开了末世题材文化作品中的社会达尔文主义、勾心斗角和强行降智三大毒点。光是这个就已经超过了B站99%的同类视频。太强了[支持],36,real,0.9629654044399327,正,夸奖,1.0
BV1mwMc6uEdX,1783260084,82,PAIMON-派蒙,这个片子居然是难得的没有异能，没有狗血爽剧情节还有正能量的[鹿鸣_害羞],2,real,0.9995656176479256,正,陈述,0.82
BV1mwMc6uEdX,1783259803,88,唐家暮色,现在ai是初级阶段，最高15s，很多画面和剧情看起来不连贯，等算力够了能生成30s或者60s视频，所有演员都要失业，只能靠卖脸赚版权费,15,real,0.16983123174208126,负,陈述,0.825
BV1mwMc6uEdX,1783204649,1502,Reecavi学院派,感到无比的惊叹，ai时代居然只需要一个人就能创作出完成度如此高的末日电影，而且看的时候几乎没有那种突兀的“AI感”，就连丧尸的塑造都比寻常电影更有压迫感，up实在是太厉害,23,real,0.9998467034672781,正,夸奖,1.0
BV1mwMc6uEdX,1783228250,3055,智慧电影了凡四训传家,我是一集一集追完的，你们不许看[大哭][大哭][大哭],75,real,0.979637061994016,正,陈述,0.95
BV1mwMc6uEdX,1783330615,83,许我一生无敌,老周太狠了，单人末日跑商，搁游戏里起码是个英雄级单位,2,real,0.5813457503119039,中,陈述,0.754
BV14tMw63E6E,1783307673,4315,Steam果-三角洲行动,我去豆包上都有名了😱,18,real,0.3525487994968798,负,陈述,0.667
BV14tMw63E6E,1783267010,2848,マルコ_马高,加油，有机会过来跑比赛啊。 [doge],11,real,0.9865585024136219,正,陈述,0.833
BV14tMw63E6E,1783177776,2632,小派ETD,帅的兄弟帅的[doge],17,real,0.9873441132150506,正,陈述,0.7
BV14tMw63E6E,1783255040,2419,大航海首席乘客,參加一次比賽都可以買我這台車了[笑哭],44,real,0.8411828492385479,正,陈述,0.817
BV14tMw63E6E,1783264678,1858,芷灵幽,对嘛对嘛，这样的做出成绩了谁怀疑你啊（最近看了那些初中生高中生做火箭的降智新闻有感而发），哪像其他“天才少年”，这才是有实力[笑哭]加油兄弟！,8,real,0.9997434334999322,正,陈述,1.0
BV14tMw63E6E,1783255980,765,_YMJ_q,16岁跑F4说实话有些晚,76,real,0.16822822070796606,负,陈述,0.681
BV14tMw63E6E,1783310526,690,感性电池盒,67,10,real,0.2500000000000001,负,陈述,0.507
BV14tMw63E6E,1783162409,489,岑鬼鬼,小蓝是不是开头也蹭到别人后轮了[doge],7,real,0.8970060361064587,正,陈述,0.798
BV14tMw63E6E,1783245687,421,我爱玩mono,多年后f1又会有个中国车手（猜的）,27,real,0.8086463243376644,正,陈述,0.721
BV1pvMF6ZEYG,1783159732,125,Ehviewern,抖音有人偷你视频，还没标注原作者是谁，这视频都31.4w赞了,3,real,0.5195277569416723,中,陈述,0.85
BV1pvMF6ZEYG,1783470471,3,阿斯达姬,确实，果贷把男的拒之门外是有原因的，盖巴不得你把视频发出去,0,real,0.7532071746520058,正,陈述,0.584
BV1pvMF6ZEYG,1783258207,35,54088870,你是在瞎掰什么東西啊，是喝多了還是嗑了藥，TMD 搖搖領先。,1,real,0.8632984268356697,正,陈述,0.759
BV1pvMF6ZEYG,1783442010,4,瑟莉莎莎,@必叫伱大敗而归 @浅黄鸭鸭 @桜の鱼 @地上躺着一只小龙虾 @天才咸鱼 @zsygt @蓬莱凯风快晴 @小狗球球吃大鱼 @十暗刻 @七色花-,0,real,0.9405112897424187,正,陈述,0.616
BV1pvMF6ZEYG,1783192345,1522,rukijumn,這是我唯一了解台灣的方式,13,real,0.3543067069452127,负,陈述,0.7
BV1pvMF6ZEYG,1783219556,3289,猩猩胸毛,《给阿嬷的判决书》[doge],18,real,0.7085923308003611,正,陈述,0.75
BV1pvMF6ZEYG,1783248507,357,yee手龍,開幕一看到這校門口就沒繃住，這學校正好是我學校，杰哥那部教育片真是在我們這拍的[笑哭],10,real,0.5115336096870297,中,陈述,0.926
BV1pvMF6ZEYG,1783247264,415,bili_29425379885,請繼續更新，這是我了解台灣唯一的途徑,14,real,0.43357554355139016,中,陈述,0.736
BV1pvMF6ZEYG,1783334773,229,阿漂不想睡大街,吃瓜吗？各位,11,real,0.5,中,提问,0.494
BV1pvMF6ZEYG,1783223257,244,哈氣騎士,其實台灣學校附近是不能開網咖的,40,real,0.025982850771233745,负,陈述,0.648
BV1mtTD6rEtQ,1783307223,1296,秋慕晴哦,秧秧的共鸣能力可以做到还原频率，那这个能力往后面进化会不会可以作用到整个索拉里斯上😕,67,real,0.9549635083325245,正,陈述,1.0
BV1mtTD6rEtQ,1783307639,4008,扌㐌盐症患者,御三家全在这了,57,real,0.16569902041469053,负,陈述,0.617
BV1mtTD6rEtQ,1783307091,1550,予辉不予尘,新人上路啦，祝各位平平安安健健康康快快乐乐呀[给心心],63,real,0.9880352775412221,正,陈述,0.95
BV1mtTD6rEtQ,1783306942,1543,彩虹酱哇,秧秧好美好美！[鸣潮2周年同人绘画_对的][鸣潮2周年同人绘画_看你],28,real,0.9991089722003385,正,陈述,1.0
BV1mtTD6rEtQ,1783307948,1554,明朗大树根,我准备好了[鸣潮2周年同人绘画_我有个想法][鸣潮2周年同人绘画_我有个想法][鸣潮2周年同人绘画_我有个想法],66,real,0.9999624136873791,正,陈述,1.0
BV1mtTD6rEtQ,1783307183,1232,等宵中,究竟什么剧情能逼出来漂泊者的四相之力,32,real,0.9865397717417019,正,陈述,0.8
BV1mtTD6rEtQ,1783308416,772,不乐得,大的要来了[鸣潮群星交错集_喝饮料],28,real,0.9222408472039755,正,陈述,0.781
BV1mtTD6rEtQ,1783307129,767,清乐不卡,新残星会反派要登场了？我感觉这个乌鸦不是克里斯托弗。,43,real,0.6212807613513471,正,提问,0.914
BV1mtTD6rEtQ,1783306841,741,素素です,大的，我等到了！,49,real,0.5319597284008428,中,陈述,0.612
BV1mtTD6rEtQ,1783307405,909,秋慕晴哦,话说乌鸦是不是某种意义上代表着残星会来着，我记得前面很多剧情都有类似的意象,114,real,0.9987017317027013,正,陈述,0.993
BV1QFTb6nESd,1783275118,6886,M1KOH,北方其实以前也是给细细切的，但以前有个混蛋趁人切肉给人三拳打死了，就再没人给切那么细了,90,real,0.23351497993325876,负,陈述,1.0
BV1QFTb6nESd,1783235079,1004,ゲ古手梨花,要记住这个，南方一年作物可能四次收货，北方可能只有一次，这代表什么，对于南方来说卖出去就是钱，不然烂地里或者喂猪喂鸡，北方来说你要把为数不多的蔬菜腌制起来冬天吃，现在物流的发展以及把以前的底层逻辑改变了，但是人还是有那么些延续，,41,real,0.9966018731556638,正,吐槽,1.0
BV1QFTb6nESd,1783318183,160,惜朝君,在北方你要一颗鸡蛋，没有老板会卖你，因为大部分会直接拿一个给你说别买了我给你一个把[笑哭],13,real,0.11907491184033181,负,陈述,0.868
BV1QFTb6nESd,1783306793,170,零锡_tin,南方你买一扇肉，一天吃不完后面就要臭了……至于北方，基本没人会为了一口“新鲜”，大冬天零下三十多度还天天跑出去买菜，夏天也是一两天买一次啊[笑哭],8,real,0.003235729047567082,负,陈述,0.872
BV1QFTb6nESd,1783234036,6528,小轮-,请继续更新，这是我了解北方的唯一方式,147,real,0.14261059860362135,负,陈述,0.8
BV1QFTb6nESd,1783440529,37,张有志FL,这在南方也属于科幻片了。别的不说就这服务态度就无敌了。实际上年轻人走进菜市场，在买菜大妈眼里你就是不挑菜不问价好坑的代表[笑哭],1,real,0.9522807756855015,正,陈述,0.763
BV1QFTb6nESd,1783305890,383,只想工作八小时,在北方跟老板说只买很少的东西，老板的表情be like:,2,real,0.11663066012588563,负,陈述,0.897
BV1QFTb6nESd,1783241568,546,倒霉的麦小鼠,南方真能按个买啊？,17,real,0.4542731061446812,中,提问,0.606
BV1QFTb6nESd,1783156363,12827,一心梦死,北方老板,67,real,0.2483207102751983,负,陈述,0.567
BV1QFTb6nESd,1783332882,2995,智慧电影了凡四训传㹢,"我听说，北方种麦，一收便是一仓；南方植稻，一垄便能分株。这并非谁对谁错，而是土地与气候各有其性。北方菜市里，商贩按捆论斤，是怕零卖耗损；南方街巷间，老妪卖三根葱、两粒蒜，也是图个生计周全。两地的买卖，本就像那江河有宽窄、草木有荣枯，各守各的本分罢了。

若有人非要争辩谁更合乎道理，倒像是拿麦田里的规矩去管稻田里的水，乱了名分。依我看，北方的量多，是体恤那买卖双方的各自难处；南方的量少，也是照顾家家户户的日常火候。各有各的礼法，何必强求一律？大家不如各回各的菜市，买多买少，皆大欢喜。",218,real,0.0005034033898874135,负,提问,1.0
BV18dMu6NE6R,1783225905,156,众所孜孜,我缺的00：19换成2023谁给我补啊😡,2,real,0.07752230750671585,负,陈述,0.699
BV18dMu6NE6R,1783222982,1432,将董道而不豫,如果你朋友爱抽烟，记得提醒他，烟盒里面的锡纸别扔，能做件超有意义的事，把锡纸拆出来，对折，再折，塞边折角撑开，这样他每抽一包就可以得到两个金元宝，等到了肺癌晚期之后，还可以烧给自己，以后用的时候就很有参与感,12,real,0.04122751005275649,负,建议,1.0
BV18dMu6NE6R,1783223411,286,茄子猫vv,某幻君我将用最直接、最真相、最客观、最正确、最不绕弯、最扎心、最硬核、最干脆、最不墨迹、最戳痛点、最不留情面、最一针见血、最开门见山、最单刀直入、最不铺垫、最不客套、最不煽情、最不废话、最不拐弯、最不磨叽、最不装、最不端着、最不啰嗦、最不拖沓、最不委婉、最不掩饰、最不藏着掖着、最直白、最露骨、最实在、最底层的方式告诉你：我们想念271744了,12,real,0.9995795083658965,正,夸奖,0.91
BV18dMu6NE6R,1783246381,1188,NaHSO4-消逝量的鬼魂,在故事的最后如果你选择了存在，冰淇凌的图片，两只会变回一只，画中央的美人鱼会出现，和长颈鹿合照的照片里会显现出小悦的样子，她真的存在了[大哭],5,real,0.9058552902290067,正,建议,1.0
BV18dMu6NE6R,1783331367,3784,阿榾,感谢马哥游玩并解说了我的游戏！！看到自己的游戏过了这么久还能再被挖出来真的很惊喜。这个网站一开始是受到大学生登山失踪事件启发才制作的，当时的我在灵光一闪的...,52,real,0.9771378193924743,正,陈述,1.0
BV18dMu6NE6R,1783241672,1816,蓝青忍冬,中间主角突然开始写疑似玄学的话的转折大家都觉得突兀在发问号，但我想说精神分裂症患者就是这样的。。。身边就有精神分裂患者，发病时就会妄想这些神啊鬼啊政府啊世界组织啊宇宙啊这些东西害自己然后自己找个本子写下来[跪了],32,real,0.7485999839076232,正,陈述,1.0
BV18dMu6NE6R,1783397457,551,全息超弦规范场,居然是游戏吗[大哭]而我最好的朋友是真的消失了 高考前一天突然从教室走了 再也没有回来 发微信不回 打电话手机号注销[大哭]6年了 感觉再也不可能找到他了,34,real,0.6932175254067656,正,陈述,0.957
BV18dMu6NE6R,1783385067,459,名字这种玩意简直,[藏狐]我叫陈佳怡，一直在听马哥喊我名字[藏狐],25,real,0.9998324462794355,正,陈述,0.844
BV18dMu6NE6R,1783229141,171,万几,感觉某幻是那种玩ARG害怕了就偷偷点开莱拉群回san的那种人。,0,real,0.9884617682009462,正,陈述,0.873
BV18dMu6NE6R,1783395514,397,洛洛洛洛太,谁懂有多诡异（）,7,real,0.5544391654908951,中,陈述,0.567
BV1kUT16QErP,1783260529,488,床前凌月光,为什么攻略组不发言啊，攻略组都要凹成舍利子了[大哭][大哭][大哭]为什么都在干员评比，最厉害的不是攻略组的超极限排轴吗,11,real,0.8569688228201785,正,提问,0.948
BV1kUT16QErP,1783254831,424,烘汶大王,@玛恩纳模组 没含金量？看看你的920高见[微笑],32,real,0.9385784813485645,正,提问,0.855
BV1kUT16QErP,1783253480,433,Clansis,"绝了，齐尔察克1个6费4个7费1个8费5个9费
齐÷（下回合翻面）
齐神（已翻面）",9,real,0.00022245260259223798,负,陈述,0.94
BV1kUT16QErP,1783275763,241,回生LoopLife,"我的意思是，望吹和望黑都是神人群体
每个干员有他的特性，有他的优势区间，而危机合约就是放大这种特性与优势区间的地方
玩望只会天下劫，连二技能连星有可叠加的减速都不知道的也别吹望了，登顶永远不会是由你这种人吹出来的
一口咬死望登不了顶的望黑我也不用评价了，6人旧约870和新约手刹，脸打得该够痛了
如果你是普通玩家，理性讨论，不要拉踩；如果你是串子的话，开心就好",20,real,0.977274793871583,正,建议,0.897
BV1kUT16QErP,1783281630,160,纳斯洛_,"评论区有些奖杯的，视频只看前十秒阵容的，就开始用两耳朵中间的丛林孢子想谁该被压谁不配拿少人解的位置的，攻略思路是不看也看不懂的
说870没有含金量的，其它干员不如望一颗棋子的，清算逻的，你以为是“望厨”吗，不，厨角色的人，因为敢于给予爱，反而不会急需倾泻恨以证明自身的社会身份仍然存在；而那些吹捧望强度的，只是区罢了，今天的望“风光无限”，之后也将由同一批人如同“清算”逻一样清算望，却不敢承认所谓“替某些干员受到的嘲讽而清算”中的嘲讽究竟从何而来
压人，压人，仿佛旧约870与现在的登顶都只需要一笔带过即可，全然漠视了攻略者的攻克难题构思，与伊出和齐出做斗争的付出，这是非常不尊重人的行为
并且这份荣誉根本与这种强度区无关，他们却还要“不禁挺起腰杆”
说望该死的，自己禁望打一个新约870试试看？
吹望强的其他干员都是区的，自己打一个望单人725试试看？
这份恨会到达何处呢？事实上，望和逻各斯都只是一份设定，一组数据，一种共同认知而已，并不具有意识和主体性。恶意最终会攻击到所有关注二人的社区成员，败坏社会风气，蔓延仇恨而已。",6,real,1.0,正,提问,0.868
BV1kUT16QErP,1783257478,709,海盐荷叶汤,齐尔查克：我出现在这里时，说明部署费用不容乐观,2,real,0.6348887569869297,正,陈述,0.858
BV1kUT16QErP,1783258551,1639,什么也不做吗,望大哥缺子了可以看看自己合约视频评论区，随手抓两颗就能用,14,real,0.010107975996451524,负,陈述,0.967
BV1kUT16QErP,1783272086,725,独孤欲雪,齐尔查克压力好大，上次净罪也是，一大群人就盯着他回多少费，还要在公屏里打出来，群众监督这一块[tv_doge],9,real,0.03081952120917264,负,陈述,0.977
BV1kUT16QErP,1783254053,396,樱灿Archetto,伊桑疯了，非说这里是破碎大道,1,real,0.7441645339529857,正,陈述,0.666
BV1kUT16QErP,1783264255,312,乐凡芙克,"笛vice笑谈个人能力
琴柳笑谈风投体系
德克萨斯笑谈尖兵模板
银灰伊内丝可露希尔笑谈第一先锋
齐尔查克伊桑笑谈概率论
阿斯卡纶笑谈减速能力
天猫笑谈真伤能力
真言笑谈输出能力
望笑谈合约能力
酒神笑谈控制能力
[汤圆][汤圆][汤圆]",4,real,0.9999999952912972,正,陈述,0.916
BV1m4Tj65EFr,1783313079,11016,bili_145141919,评论区有的人给我看笑了，你管人家是不是伪善呢，就算是伪善人家实打实把东西送出去了也比你在网上说两句话的功夫来的实在[喜极而泣],63,real,0.11750673168659331,负,陈述,1.0
BV1m4Tj65EFr,1783258143,1962,WM玥,什么叫做地震了你怎么不出来捐款 本来帮助救济他人就不是女王本人的义务，哪里有按着老实人欺负的[热][热],12,real,0.3920171983513211,负,提问,1.0
BV1m4Tj65EFr,1783358686,6299,_每天都好困哇,为什么她每个视频下面都要讨论伪善，我从去年就刷到了她一直在坚持做善事，总是装深沉来这么一句伪善干嘛，她也没黑点吧[辣眼睛],151,real,0.5494159137771074,中,提问,1.0
BV1m4Tj65EFr,1783307784,2164,里世界二林_呱,纸巾纸尿裤卫生巾洗发水，真的都是很容易被忽略又非常刚需的物品啊,26,real,0.23314233476356816,负,陈述,1.0
BV1m4Tj65EFr,1783305795,2181,水球碳酸拳宗師,除非直接开卡车到现场发物资，不然捐什么都没用,19,real,0.014323118514601885,负,陈述,0.867
BV1m4Tj65EFr,1783320680,1231,和我说话就好好说,评论区有些人懒得说了😅就算一个初心是坏的人，最后做了好事，那他就是一个好人👌,60,real,0.07671918318110604,负,陈述,1.0
BV1m4Tj65EFr,1783406730,664,无尽维度,捐钱有个屁用，谁知道钱会被用在什么地方，捐物资是最好的,18,real,0.40987186935828657,中,陈述,0.92
BV1m4Tj65EFr,1783314552,2297,bili_145141919,什么叫做地震了你怎么不出来捐款 本来帮助救济他人就不是女王本人的义务，哪里有按着老实人欺负的[热][热],20,real,0.3920171983513211,负,提问,1.0
BV1m4Tj65EFr,1783263013,1766,老吴わ,在质疑前能不能先问问自己做了什么,14,real,0.06266410930748545,负,陈述,0.767
BV1m4Tj65EFr,1783249835,311,花舞欣悦,地震要钱干嘛[疑惑]都没东西人家也不能凭空变出来啊,22,real,0.2782021429553011,负,陈述,0.832
BV16RTm6xEHy,1783312060,630,美离间祸众国,"踢足球除了球技好以外，演技也要好。痛苦要装的像，逼迫裁判给对方黄牌，犯规也要会装无辜的样子，装的很可怜，免得裁判处罚。
总之，绿茵场大舞台，会演你就来！",2,real,0.19503113454462528,负,陈述,0.967
BV16RTm6xEHy,1783391393,5523,智慧电影了凡四训传家,致敬世界上最公平最不野人的体育项目,17,real,0.856950513711886,正,陈述,0.783
BV16RTm6xEHy,1783414597,1607,三无少女Peni,这波可惜了，下次记得用这个[吃瓜],5,real,0.9671913537901461,正,陈述,0.783
BV16RTm6xEHy,1783310805,1040,谦彧_,[笑哭],3,real,0.8338411492373967,正,陈述,0.567
BV16RTm6xEHy,1783319030,914,哔哩哔哩游戏中心,"球员：听说今天的裁判很严苛
赛后：我知道一家很不错的眼科[妙啊]",9,real,0.8206751597134199,正,陈述,0.993
BV16RTm6xEHy,1783310974,1173,亚瑟摩根ArthurMorga,隔壁还在懊恼还有什么招式没使出来[笑哭],2,real,0.8514886716546304,正,陈述,0.833
BV16RTm6xEHy,1783350741,4528,有良心的倒爷,[妙啊][妙啊][妙啊][妙啊],14,real,0.9834463195051117,正,陈述,0.767
BV16RTm6xEHy,1783419610,1092,zyn蘸亿汝,这些世界级大赛的裁判也是这么差的吗？原来不只是世界羽联的裁判逆天啊[笑哭],48,real,0.5843210792858724,中,提问,1.0
BV16RTm6xEHy,1783311964,793,亚瑟摩根ArthurMorga,裁判：没犯规,15,real,0.3074456037237615,负,陈述,0.583
BV16RTm6xEHy,1783351778,1361,智慧电影了凡四训传㹢,需要啥,8,real,0.5262327818078083,中,陈述,0.55
BV1RNMu6uE1B,1783243144,420,J_O_S_H,我去翔简直消失了,2,real,0.21304503980447265,负,陈述,0.571
BV1RNMu6uE1B,1783242555,234,灵吸怪灵霜,你们这条视频码率传错了，画面动起来糊的一啊！！！！！？！！,3,real,0.289437412589471,负,提问,0.878
BV1RNMu6uE1B,1783273129,364,终极毒液复仇,我有一计，让美院躲，让刑侦找[doge_金箍],10,real,0.2731786319281756,负,陈述,0.81
BV1RNMu6uE1B,1783397392,729,方糖云清,游戏核心玩法be like :,2,real,0.9608325039611235,正,陈述,0.727
BV1RNMu6uE1B,1783282208,4679,薄荷味_白衬衫,不得不拿出我在评论区看到的某位大神的作品了,36,real,0.5208770232208173,中,陈述,0.85
BV1RNMu6uE1B,1783312698,1230,加班的列比乌斯,[笑哭],13,real,0.8338411492373967,正,陈述,0.567
BV1RNMu6uE1B,1783303082,1595,神户小鸟硬币,朋友的杰作,9,real,0.8943334320226827,正,陈述,0.583
BV1RNMu6uE1B,1783265639,195,Alexiaaaaa,油画系藏油画里还上数位板太超模了[笑哭],0,real,0.6645966043131194,正,陈述,0.715
BV1RNMu6uE1B,1783266696,3743,赛-博-大-胃-王,梵高来也说不兴打的[傲娇],37,real,0.4083257070172074,中,陈述,0.717
BV1RNMu6uE1B,1783307100,869,勇往值钱2333,不会画画，但是融入环境[doge],18,real,0.9746160924904957,正,陈述,0.773
BV1MoTy6tE6m,1783389652,67,at_first_,“一个拍打不及时”这里是错的吧？“夫爱马者，以筐盛矢，以蜄盛溺。适有蚊虻仆缘，而拊之不时，则缺衔毁首碎胸。”这里“拊之不时”是拍打不合时宜，使马受到惊吓的意思。,5,real,0.9691582047852548,正,提问,0.805
BV1MoTy6tE6m,1783332257,233,转世一阵清风和细雨,"我曾听说，从前有个农夫，跟街坊说自家公鸡下了蛋，大伙听了都笑话他；他又说家里小羊长大变成了牛，众人笑得更厉害了。咱们心里都清楚世间常理，公鸡本就不可能下蛋，羊也绝变不成牛，这些道理人人都明白。
 
世人总说大周礼教盛行，百姓全都知礼守本分。可实情并非是周礼教化才让人们懂得礼数，而是原本心底善良、明事理的人，终于有机会说出自己的想法；不是世间之人突然品性变好，只是本来心存善念的人，终于有了发声的渠道。
 
礼法只是外在的条条框框，不该束缚人的本心。只希望大家都能发自内心修正自身，主动做一个善良正直的人，不必被繁冗礼节困住本心。",10,real,0.9999999999999969,正,夸奖,0.895
BV1MoTy6tE6m,1783328834,5012,阿默写了,“大周礼时代”的爆火，反映的是在当今道德逐渐褪色的时代之下，人们对于传统而朴素的道德的呼唤,126,real,0.9950572350928611,正,陈述,1.0
BV1MoTy6tE6m,1783344722,1661,大岩蛇粉丝,看似玩梗，其实是靠自己百万级的影响力传播正向社会风气，哈基皮你这家伙,13,real,0.9999760276665255,正,陈述,1.0
BV1MoTy6tE6m,1783363189,49,壮志餐饮龟努血,我记得我10年前评论过:人可以不是君子，不是圣人，但是不能放弃对圣人、对君子的憧憬。被别人骂作:网络圣人。,3,real,0.387722611073786,负,陈述,0.783
BV1MoTy6tE6m,1783333031,964,Walter_benjamin,近几年来最好的一个梗。,39,real,0.7257290492460863,正,陈述,0.681
BV1MoTy6tE6m,1783331341,610,叫东方翎羽啦,看到评论区的君子都在引经据典地争论，而我只会说“善”，实在让我羞愧啊,41,real,0.4316064556858302,中,陈述,0.964
BV1MoTy6tE6m,1783354042,304,一只小炭炭-,我觉得这真是近几年来诞生的最好的一个梗了，评论区一派祥和，大家一起讨论仁义礼智信，温良恭俭让，古代仁者贤士的名言与观点也都被大家拿出来交流讨论，很多观点真的是常读常新。,7,real,0.9999998946533606,正,陈述,0.914
BV1MoTy6tE6m,1783332952,1865,NFS360,（说了很多合乎周礼的话）,65,real,0.8101357089208849,正,陈述,0.7
BV1MoTy6tE6m,1783379928,879,硬币没啥用A,孔老二还是有些东西的，不全是糟粕,156,real,0.2149878263772399,负,陈述,0.757
BV1FqMF64E1n,1783208503,627,Scarar,丢人不？整这么帅你就偷个电动车，别侮辱角色了[笑哭][笑哭][笑哭],9,real,0.9860322296892812,正,提问,0.966
BV1FqMF64E1n,1783221380,207,氿芙漓,典狱长偷东西不ooc了吗，得扮演渡鸦,3,real,0.8510818534980551,正,陈述,0.686
BV1FqMF64E1n,1783231315,281,巴别塔裹骸死士,电动车电池才几万啊，去摸装甲车电池,8,real,0.206489322292441,负,陈述,0.692
BV1FqMF64E1n,1783221983,712,九头独尊1,这种人最精了，有零战备进监狱的方法不告诉别人[星星眼],9,real,0.15051910236624388,负,陈述,0.925
BV1FqMF64E1n,1783231023,169,Ne-ve-r-,这小子最精了还藏了零战备进监狱教程[笑哭],2,real,0.8734518999493253,正,陈述,0.722
BV1FqMF64E1n,1783221303,230,林北斯,典狱长就偷个电瓶车会不会有点太不体面了[捂眼],6,real,0.06979530430786751,负,陈述,0.777
BV1FqMF64E1n,1783181121,213,不要破产啊,当bro意识到地球online是个自由度很高的游戏：,9,real,0.9679025511134209,正,陈述,0.822
BV1FqMF64E1n,1783273331,2,M0danna,@Megumiめぐみ @不正经の壹贰叁 @桜井藤柒 @Gilcc @WHy-ty 没绷住,0,real,0.7665611536703065,正,陈述,0.58
BV1FqMF64E1n,1783209013,35,Relink脑机lI型,暗区突围这招太狠了[笑哭],2,real,0.10687548621456822,负,陈述,0.476
BV1FqMF64E1n,1783234633,141,妮芙不芙妻,说实话，糖完了[笑哭]还浪费治安人员精力,4,real,0.43168250443740663,中,陈述,0.692
BV1U2T76JEnp,1783204728,361,Fleabag敦敦日记,b站癫了吧 全在复制这种剪一半拿bgm凑另一半的诡异视频🙄,8,real,0.907773422244578,正,陈述,0.91
BV1U2T76JEnp,1783182284,2537,爱看小潮提莫的视频,这波要是不吃压力就赢了。,7,real,0.967101579343753,正,陈述,0.7
BV1U2T76JEnp,1783079371,3378,洛洁尔哈乐德,Bro把大招骗出来了。,4,real,0.47950107515719254,中,陈述,0.683
BV1U2T76JEnp,1783228193,14963,胡德禄不会剪头,二叔：我超喂你放拖鞋给我放好了呀,34,real,0.6858279363475167,正,陈述,0.767
BV1U2T76JEnp,1783183776,4135,EstaFionarh,刺中我的笑穴了[惊喜],25,real,0.8225283362231652,正,陈述,0.683
BV1U2T76JEnp,1783154582,5402,忘记惊讶,这谁能绷住，我本以为小伙的推理已经无敌了，没想到隔壁床才是MVP,14,real,0.9814943273883677,正,陈述,1.0
BV1U2T76JEnp,1783149092,7994,想成为欧皇的GW,不肉一个水桶骗了对面三发a大[笑哭],15,real,0.01588616792506936,负,陈述,0.8
BV1U2T76JEnp,1783234457,4487,爱幻想的性情中人,[笑哭]突然感觉挺应景的,15,real,0.9259772223142174,正,陈述,0.7
BV1U2T76JEnp,1783245215,2171,白泽craft,我从小看这个电影的时候就一直有个问题，他有没有拖鞋他自己不知道？一个拌瘫了三年的人会犯这种错误？[笑哭],63,real,0.7317567836517984,正,提问,1.0
BV1U2T76JEnp,1783233994,300,羅叡,当年看这段我是真没绷住,3,real,0.7982314763308543,正,陈述,0.596
BV1K8TD63EXg,1783330375,1829,大家的音乐机,i-dle最新回归曲MV公开！大家最喜欢的是什么部分呢？成员们也专门来和B站小伙伴们打招呼啦 https://www.bilibili.com/video/BV1zKTX6eEnx/ 欢迎多多互动，不要忘记一键三连噢[给心心],42,real,0.9999894484252665,正,提问,1.0
BV1K8TD63EXg,1783333729,2117,LLLemontea,感觉副歌很适合剪cp和情侣的视频啊，配合着la-la-la不断闪回那些亲昵暧昧或热烈或甜蜜的片段🎬,17,real,0.9993212983976321,正,陈述,1.0
BV1K8TD63EXg,1783328872,1602,重读了n年级,GIDLE 等于(Gimme Dat Love)[哦呼][哦呼][哦呼][哦呼],24,real,0.8253101269699722,正,陈述,1.0
BV1K8TD63EXg,1783328990,3622,热带雨林全年高温多雨,整体那种，拉美情调……潮湿 柑橘 黏腻 橙黄色的夏天。艺术性文学性拉满的一次回归,21,real,0.9934564825041458,正,陈述,1.0
BV1K8TD63EXg,1783329995,1562,木雩未亦,所有人快去看初舞台！！所有觉得副歌la听感不行的看到编舞都会释怀的……我本来也觉得副歌太赶了，一看舞台配上这个编舞真的是恰到好处了,26,real,0.994927396627959,正,吐槽,1.0
BV1K8TD63EXg,1783328480,1414,A系美学资深研究者,好梦幻好轻盈，好有显化感觉的歌，就是那种我要纯粹的爱在流动，我要不受束缚偏见的理解尊重，我要美好的充沛的幸福的东西展现在我眼前，我相信这件事也一定会得到命运的馈赠，还有还有，各种感官都在被调动，完全让人产生勇气自由和汹涌的爱，但身心轻盈不沉重，一起舞动吧一起加入我们这场盛宴吧无论你处在何处那个阵营，我们人类本真的心都是一样的，而且这个鼓点伴着idle的音色真的是太神了，一种被净化的感觉，开始的口哨也是完全是在被召唤，完全是仙品，听着idle得音乐这可真是值得期待的夏天,12,real,1.0,正,陈述,1.0
BV1K8TD63EXg,1783330627,1242,偏昼,搞不懂某些粉丝的真假，好像从来没有听过娃曲一般，娃曲的副歌预副歌的人声重复有无数首吧，完全是娃曲特色来的，而且每个成员不一样的音色就是作为“乐器”使用的,28,real,0.9854822955319672,正,陈述,1.0
BV1K8TD63EXg,1783328422,1182,祁禹季,idle回归我们说：,261,real,0.8982187595119284,正,陈述,0.667
BV1K8TD63EXg,1783331101,883,泪痣板牙兔刊,建一个实时播放量楼,350,real,0.7869246968976286,正,陈述,0.641
BV1K8TD63EXg,1783329289,1038,蓝桥譞缘,别唱衰了宝宝们🤗 副歌重复比留白更丰富更有记忆点 又保留了afro编曲旋律 同时凸显舞蹈 舞台还是很占优势哒 总之五娃美美大爆！[打call],27,real,0.9996352432605973,正,陈述,1.0
BV1xBTp6cE9L,1783310618,218,箬雲㲈华,拖这么久哔哩哔哩才给上，建议奶奶给B站十条建议[doge],0,real,0.03890906295820773,负,建议,0.873
BV1xBTp6cE9L,1783325625,148,融宝可爱嘛,唉 实在不懂为什么穿个裙子就不能切全景了，只是裙子而已啊，裙子不是女性专属，只是衣服而已。这应该是这期节目这么久才放出来的原因之一吧,0,real,0.6352819146382432,正,提问,0.862
BV1xBTp6cE9L,1783327833,278,CYF六级号的小宝贝,姜思达在内心深处还是一位试图背负家人命运的东亚女儿,10,real,0.9999787104110521,正,陈述,0.824
BV1xBTp6cE9L,1783404218,19,拉拉的逍遥丸47_,不理解这生硬的剪辑有什么好吐槽的 大家明明都知道 可能的原因就那几个 如果剪了跟没剪一样 那鲁豫和姜思达都不该在这儿,0,real,0.014368269029121694,负,建议,0.717
BV1xBTp6cE9L,1783310766,6865,X-RAY軻惟,陵容只当此生再也见不到姐姐,24,real,0.8490115627679857,正,陈述,0.717
BV1xBTp6cE9L,1783399176,12,淋漓荒野,鲁豫无疑是个优秀的采访者，但这期节目她甚至接不住思达，她或许也不知道该如何面对一个如此真诚、如此具有艺术家底色却没有想好方向的被访者。在无数思达明确表达痛苦的时刻，她一味在说“这多有趣啊”，这些回应都不够好。,0,real,0.9999081710254895,正,提问,0.686
BV1xBTp6cE9L,1783312164,2148,木叶第一技师卡卡西,姜思达：给审核的十个建议,0,real,0.04659742722702931,负,建议,0.7
BV1xBTp6cE9L,1783311028,2907,海豚刑警ovo,鲁豫给姜思达的十个建议,16,real,0.45645001181091516,中,建议,0.683
BV1xBTp6cE9L,1783328333,1364,HaroldYeon,我太喜欢这一期了，我喜欢姜思达的不讲大道理，不分享成功学。而是真诚的分享自己的阴暗面、自己的不完美、自己的落魄、自己的怪异、自己的不成熟、自己“想不开”的事情，这才是一个活生生的人！,12,real,0.9872136823186551,正,陈述,1.0
BV1xBTp6cE9L,1783384581,9,fruit-suga,鲁豫的思维是被框住的，非此即彼；姜思达面对一个论点，只有非常多的不同想法的，尝尝会跳出鲁豫的框架,0,real,0.9997904451496258,正,陈述,0.667
BV1UfTx6VEfv,1783231543,721,一只轩雅酱哦,注：720度达不到瞬间气化的标准，反而和火烧是一个温度，约等于火烫，所以考意志力爬出来还是可以的[笑哭]再说热传递需要时间，短时间内他不一定会被烫坏，完全有机会,19,real,0.9277094450733774,正,陈述,0.976
BV1UfTx6VEfv,1783218049,771,烙烨随枫漂,bro看了一眼熔炉里的微生物:,7,real,0.764704674954669,正,陈述,0.731
BV1UfTx6VEfv,1783087751,5376,迟钝的尸兵,当我听清楚在说什么时,16,real,0.4070601007125899,中,陈述,0.667
BV1UfTx6VEfv,1783262856,767,一只遐蝶厨陌然,原理应该是表面水珠瞬间形成蒸汽隔绝了热量然后快速爬了出来吧，叫什么效应忘了,57,real,0.9610221391400663,正,建议,0.981
BV1UfTx6VEfv,1783142133,1588,你女子口马8848,眼睁睁看着bro从炼钢炉里爬出来的路人:,8,real,0.3197700769254558,负,陈述,0.833
BV1UfTx6VEfv,1783378627,1260,隐宅000,合集来喽,31,real,0.3632113260846984,负,陈述,0.567
BV1UfTx6VEfv,1783224461,5961,不是小狗啊,让我想到了,45,real,0.585561497326203,中,陈述,0.583
BV1UfTx6VEfv,1783173488,227,玩家Nsjd346,观后感,5,real,0.8113444646330781,正,陈述,0.443
BV1UfTx6VEfv,1783133007,10121,砂狼白雪,AI:更正…人类耐温极限温度为720度,65,real,0.6014786772192549,正,陈述,0.817
BV1UfTx6VEfv,1783227716,294,啊哈坐下第一令使,四大龙王[笑哭],4,real,0.961162612912763,正,陈述,0.545
BV1a9Mu6iE6H,1783430803,44,十月是只猫9499,这种枪击类游戏还是得上大视野平板，阴过人的都懂,0,real,0.9916887215363482,正,陈述,0.659
BV1a9Mu6iE6H,1783430796,52,蒜子n,上这种大场景的还是得上平板，视野更大阴人这个爽,0,real,0.9982931251117914,正,陈述,0.671
BV1a9Mu6iE6H,1783429661,50,星星不星星不,别的不说设备确实会影响手感，我用手机手感不如平板,0,real,0.8522613086223474,正,陈述,0.685
BV1a9Mu6iE6H,1783430503,46,开伈乖宝宝,顺便问一句，红魔平板5Pro现在价格多少了？值不值得冲,0,real,0.9806511042531381,正,提问,0.729
BV1a9Mu6iE6H,1783429653,49,一朵微笑的花花,这个玩法适合蹲草阴人，而且红魔平板视野大，已经被好几个人加了问候呵呵,0,real,0.9999555350642815,正,陈述,0.783
BV1a9Mu6iE6H,1783429985,52,春雨丝丝润万物,有没有人跟我一样打这类游戏必须大屏的？手机屏幕太小技能密集根本看不清，用平板简直真神,0,real,0.6899816756814801,正,提问,0.787
BV1a9Mu6iE6H,1783430129,57,静谧清晨晨,我玩这个之前都是用手机，换了平板发现以前过的啥苦日子,0,real,0.7776238620912826,正,陈述,0.727
BV1a9Mu6iE6H,1783430285,54,傲龙星风,问红魔平板5Pro散热，建议去搜一下夏天打游戏手机烫手的帖子，对比一下你就知道差距了，真的用过才懂,0,real,0.8860057788318096,正,提问,0.79
BV1a9Mu6iE6H,1783430573,48,b洛芙,我现在玩这类枪击游戏确实都是上平板的，跟搓玻璃的是真没法比,0,real,0.2425532009376289,负,陈述,0.765
BV1a9Mu6iE6H,1783429707,56,春雨绵绵100,真服了你们这些AI视频的，给我笑得肚子痛一回头看到用的同款平板更蚌埠住了,0,real,0.47428579341814525,中,陈述,0.793
BV1tiMK6HEf9,1783247064,14832,请幸福落在椒椒眼里,老师出全曲我什么都会做的😭,617,real,0.9211531643641184,正,陈述,0.717
BV1tiMK6HEf9,1783337145,225,航航拾大粪,原曲像被生活打败的绝望，这个像要准备打败生活了,2,real,0.9806031027478472,正,陈述,0.776
BV1tiMK6HEf9,1783279218,2767,FaJAkAOiLso,老师你出全曲吧我什么都会做的,30,real,0.928451772750905,正,陈述,0.733
BV1tiMK6HEf9,1783347639,80,无影WUIL,老师出全曲你给我配了都行[大哭],10,real,0.9468571313884316,正,陈述,0.585
BV1tiMK6HEf9,1783308519,1766,凉拌海蜇ER,我将支付听歌的钱,8,real,0.3278284370440936,负,陈述,0.633
BV1tiMK6HEf9,1783303577,404,小明同学很6,不懂就问是怎么调出来如此有力气的[微笑],7,real,0.09162404212228592,负,提问,0.768
BV1tiMK6HEf9,1783256301,1481,FailedWork_603,听着比原来的更加绝望,9,real,0.6405344906857302,正,陈述,0.667
BV1tiMK6HEf9,1783371474,64,初沅初沅,感觉teto唱的很多歌都非常真人,1,real,0.9942840537059069,正,陈述,0.569
BV1tiMK6HEf9,1783295359,4321,月浴余渊之钥,正在等完整版的众人↓,11,real,0.7989935563537655,正,陈述,0.667
BV1tiMK6HEf9,1783315527,467,玉米吗喽,观后感be like：,2,real,0.7947407833496128,正,陈述,0.628
BV1meTC6sEsy,1783272707,13880,GPenetrat,六百六十六，这人智力不低啊，这种局都找到破局之道了,82,real,0.7192750821821203,正,陈述,0.917
BV1meTC6sEsy,1783266710,12914,最爱玩狗熊,这个她没火时我就看过，确实是个勤劳的好姑娘,33,real,0.8567706717422191,正,陈述,0.85
BV1meTC6sEsy,1783313419,10427,一直摆烂一直爽,她的视频很多年了，有完整被吸血和转变过程，包括她自己状态也是肉眼可见的变化,13,real,0.9972203675173515,正,陈述,1.0
BV1meTC6sEsy,1783303241,6311,王之东离,前期可能不是剧本，但是粉丝量上来了自然有机构签约然后打造剧本人设,69,real,0.8375260756440679,正,陈述,1.0
BV1meTC6sEsy,1783329998,4063,智慧电影了凡四训传家,很早就关注看了，剧本有没有不知道，但是这个女孩的皮肤是真的是在网友的建议下去医院治好的，而且那些转账和聊天都是没火之前就有的记录，博主都有贴出来,35,real,0.9809815726396679,正,提问,1.0
BV1meTC6sEsy,1783259402,3580,8_2_拉_菲,允许反杀原生家庭[doge],30,real,0.843265146632512,正,陈述,0.733
BV1meTC6sEsy,1783332186,2782,名字逐渐暴躁,估计是有高人指点了，开智反抗说的通，但是规划的那么好，基本没什么波折，那肯定是有人指点过他了。,84,real,0.010907601253169807,负,陈述,1.0
BV1meTC6sEsy,1783318453,5056,兔兔兔秃秃子,很早就关注看了，剧本有没有不知道，但是这个女孩的皮肤是真的是在网友的建议下去医院治好的，而且那些转账和聊天都是没火之前就有的记录，博主都有贴出来,130,real,0.9809815726396679,正,提问,1.0
BV1meTC6sEsy,1783282731,2939,你的心是榴莲做的吗,关注她好久了，一开始还是每天炸串到半夜，然后脸上好多痘痘啥的，要是这么一直炸下去肺早晚要出问题，姐们是肉眼可见的好起来了，也火了，视频底下都开始有人骂她了[doge],11,real,0.61812376135648,正,陈述,1.0
BV1meTC6sEsy,1783278288,2125,bili_28614821,这不是王祖贤 这是王祖忙,29,real,0.9469994897215024,正,陈述,0.7
BV1MtMw63Eex,1783307415,43,小姬子露出黑角了吧,有做ai大电影的手段，你就给兄弟们赤史😡奶龙和菲比啾比是什么鬼啊喂！,0,real,0.9993772002078442,正,陈述,0.774
BV1MtMw63Eex,1783269811,113,一块mc的羊sheep,这期不可能是AI做的，AI没那么抽象,3,real,0.5355169664580675,中,陈述,0.643
BV1MtMw63Eex,1783356783,3,柒北古,@二阶堂x希罗 @baka栗 @天竺鼠泳池骑车 @每天就是看番 @永雏塔小菲 @不迷路的可达鸭 @花花花谱_ @一只普通的骚年,0,real,0.9999683025653037,正,陈述,0.6
BV1MtMw63Eex,1783431019,3,狂笑的蛇将写散文-_--_,这坚果怎么还是蓝白碗[思考],0,real,0.9716226332477315,正,提问,0.334
BV1MtMw63Eex,1783303681,4,柒北古,@二阶堂x希罗 @baka栗 @天竺鼠泳池骑车 @每天就是看番 @永雏塔小菲 @不迷路的可达鸭 @花花花谱_ @一只普通的骚年,0,real,0.9999683025653037,正,陈述,0.616
BV1MtMw63Eex,1783326776,141,空之痕白与晓,这视频过两天就该出现在外网了，国内好多不错的二创，ai动画，全被人搬运了，没授权的那种，我已经习惯了反正,9,real,0.6532818694945842,正,陈述,0.859
BV1MtMw63Eex,1783259519,1221,宝宝不哭吃耐耐,"我刚点开这个视频我就发现了三个问题
第一，你这视频太好了导致我的硬币消失了
第二，至今不知道up用的什么提示词
第三，为什么火炬树桩要放在机枪射手后面",12,real,0.020001376544814597,负,提问,1.0
BV1MtMw63Eex,1783416608,43,且听夏日风吟12138,补食哥们，你给ai配了？生成的这么精致[笑哭],1,real,0.7849707362465383,正,提问,0.657
BV1MtMw63Eex,1783414019,125,red2_,开头be like:,3,real,0.7369066611247281,正,陈述,0.517
BV1MtMw63Eex,1783311721,3,ウニクリ,@baisffgut @黑猫牌棉花糖 @夏初彡 @真台 @花鸟丿风月 @Akomi @李沐林,1,real,0.9936316402167363,正,陈述,0.6
BV1L6Ty6uEza,1783310945,15866,一只耳的老舅,虽然你是派克人柱力，但等下真派克就要来了,97,real,0.9573790725019157,正,陈述,0.833
BV1L6Ty6uEza,1783271237,15594,丶Icarus,on死下路这波，蜘蛛结茧被梅尔W反弹，接着蜘蛛吊天，然后梅尔和派克一起往蜘蛛的落点放技能，哥哥为什么要往蜘蛛起飞的位置放技能呢,97,real,0.9999999377559953,正,提问,1.0
BV1L6Ty6uEza,1783278191,6844,OZMA4REAL,帅小弟有没有想过有一天自己会在派克的名单上,31,real,0.6169428586496942,正,提问,0.85
BV1L6Ty6uEza,1783297772,6164,青椒肉丝123321,风月永远不懂哥哥，风月想的是决胜局玩派克前期爆对面下路的线证明自己，而越战老兵哥哥已经开始想怎么不粘锅了[呲牙],87,real,0.9999894002789329,正,提问,1.0
BV1L6Ty6uEza,1783265396,17560,xx杨希妍,我得提醒阿帅一句，楚君艾克从视频做的风生水起，变得现在不再做视频只直播，就是因为评价了哥哥,284,real,0.9875887261353266,正,陈述,1.0
BV1L6Ty6uEza,1783304963,2986,Dog_8,有没有梅尔爆弹绝活哥来复盘一下哥哥的视角？,86,real,0.9863162914720011,正,提问,0.85
BV1L6Ty6uEza,1783275635,3151,儒雅随和嘴抹蜜,主播有没有注意自己的血条变红了,20,real,0.666363854917518,正,提问,0.75
BV1L6Ty6uEza,1783273421,2624,最豪的嘉豪,建议再复盘一下哥哥打g2时候厄斐琉斯咋控刀的,116,real,0.8942390942760359,正,提问,0.867
BV1L6Ty6uEza,1783302318,3575,木槿初荣丶,主播你是不懂水鬼岁月史书的厉害啊。msi结束第二天哥哥就没错了，第三阶段有一局发挥好一点，就是全网清算。而你正好是他们清算的最大目标[笑哭]现实里的水鬼可比游戏里猛多了。,60,real,0.9999903211323488,正,夸奖,1.0
BV1L6Ty6uEza,1783265537,5652,雨师Andylee,总算看到有质量的分析了，当时我也觉得哥哥大的问题更大，但比赛结束后都在清算最安和风月有点没道理。,275,real,0.9992222837008684,正,陈述,1.0
BV1QwMN6REu4,1783218551,205,堂主のdoge,果然人品跟技术不可兼得，兄弟们可能别忘了[墨镜],9,real,0.03771169784848616,负,陈述,0.786
BV1QwMN6REu4,1783173539,54,方轩皓,好看，但是这个名字[大哭],2,real,0.8449944187511836,正,陈述,0.507
BV1QwMN6REu4,1783227757,65,爱莉爱莉爱__,我去好好看🥰我操这是暗阳花夏😨我去好好看🥰我操这是暗阳花夏😨我去好好看🥰我操这是暗阳花夏😨我去好好看🥰我操这是暗阳花夏😨我去好好看🥰我操这是暗阳花夏😨我去好好看🥰我操这是暗阳花夏😨,0,real,0.9999334739619223,正,陈述,0.803
BV1QwMN6REu4,1783224934,26,-宠物石头-,"我记得这家伙之前在抖音的时候发布过一批所谓的oc，结果被看出来，那个角色头上的帽子和一系列装饰都和东方的一些角色一样，他还狡辩说什么英国睡毛不是你们的专属
本来道个歉就好的事儿，结果这家伙伪装成自己的父亲去威胁网友以及24年还在转柜子学院相关扩条，抄袭，网暴、抹黑圈子、GB乱打标签、融AI还有说人类画师不如AI之类的，还有商单画梦、挂素人、放任粉丝ky、在橱窗卖18杠物品，万字瓜条的含金量，说着自己要道歉结果上一句是我抄袭了对不起，下一句就说因为自己没有商用所以不算抄袭，说oc关系是gb但是bg是言情的意思所以她可以画着gb打bg的tag，经常出尔反尔质疑大家自己什么时候说过这种话，结果她的原话截图满天飞，说着什么大家开盒她结果名字是她同学在她评论区爆的，地址是她抖音个人页面标的，就打成了大家在开盒网暴她，都在夸她画技好但是要正视这事，结果一直控评拉黑，干完这些破事装受害者爽了后还不够还要发朋友圈说“我坏的地方不会让任何人知道，我是喜欢装受害者的strong姐，小心我”（原话），还把一个被抄袭的正常圈子给打成r18恶俗圈，瓜条满天飞（这还不是全部）",0,real,3.1457799865020064e-07,负,陈述,0.739
BV1QwMN6REu4,1783243614,22,睦谂,虽然很好看，但是[藏狐]https://b23.tv/BV1BaKTedEe2,0,real,0.9868468597694737,正,陈述,0.727
BV1QwMN6REu4,1783307974,548,白泽Cyrene,不亚于在虚空终端上发现了一篇质量极高的论文，读完准备点赞时发现作者是赞迪克[笑哭],12,real,0.9412306899510012,正,陈述,0.957
BV1QwMN6REu4,1783222877,2516,暗区s1坐牢玩家,当我看到一份美味的饭，抬头看到厨师的脸,20,real,0.12612578602914082,负,陈述,0.817
BV1QwMN6REu4,1783229347,704,萌鱼只爱打音游,昔日的茶会四人组，就只有桑多涅，阿蕾奇诺和哥伦比娅了,10,real,0.767414552878634,正,陈述,0.908
BV1QwMN6REu4,1783319335,72,野鸽爱好者,依旧人品画技二选一[26mygo的dlc表情包_开心],6,real,0.7472038688064326,正,陈述,0.761
BV1QwMN6REu4,1783180014,1224,yecao_32,"请选择你的打法
①看个视频而已，管那么多干什么
②互联网没有记忆吗
④我为评论区准备了两套说辞
③咕咕嘎嘎",108,real,0.0003076739687094543,负,陈述,1.0
BV1ku7a6MEJC,1782987366,3848,Aprilsuill,感觉这个视频特别长[无语],14,real,0.6487645691492877,正,陈述,0.717
BV1ku7a6MEJC,1783156278,1105,好舆長風宴,啊啊啊🎵哦买噶↗️你吓⚠️到😱我啦😅你的品位配🙄不上我啊😩怎么会喜欢😰这种东西啊❓喔呜喔❗️我真是瞎了眼🤦‍♀️聋了耳💆‍♂️完全没发现你竟然🤮是这样的人🤯拜拜拜拜👋🏼再见了聊不下去了💃🏻get out,3,real,0.15565172228614388,负,提问,1.0
BV1ku7a6MEJC,1783165769,390,WUJI在B站,tmd谁人怎么比16年的时候还好看,4,real,0.5565833725967295,中,提问,0.715
BV1ku7a6MEJC,1783010934,1270,攸然见卿染,我讨厌的人无论他的品味和我多么雷同，想法一致，都无法阻止我讨厌她,8,real,0.9796876622885207,正,陈述,1.0
BV1ku7a6MEJC,1782992324,1605,及川彻夜安眠,从来没觉得papi的视频如此漫长过！,5,real,0.21113047723770695,负,陈述,0.8
BV1ku7a6MEJC,1782996279,1083,茹_Ru_,"笑不活了。
也许球球喜欢小pa，研究过小pa的喜好。但发消息发现被拉黑，因爱生恨，决定把小pa的朋友、同事、客户都“夺”走。最后再在小pa面前“暴露”出和小pa契合的喜好。但，两人已经无法回头了。
哈哈哈哈哈哈。",3,real,0.998732091159292,正,陈述,1.0
BV1ku7a6MEJC,1782993725,598,模糊查询N_A,都闪开，原味薯片最好吃，有没有懂的，返璞归真[妙啊],20,real,0.36623568724064526,负,提问,0.896
BV1ku7a6MEJC,1782992665,1035,华尔街狗王,ai的危害第一次这么淋漓尽致,5,real,0.8021265375877022,正,陈述,0.733
BV1ku7a6MEJC,1782987120,725,不吃卷毛刺猬,不好笑[大哭]毙了,10,real,0.2994504242891314,负,吐槽,0.627
BV1ku7a6MEJC,1782994654,274,虫唔知,第一次看papi的视频有种度日如年的感脚,0,real,0.7847162629562408,正,陈述,0.74
BV1bmTb6EEka,1783164805,193,ghiwe52,助流量早日下降,3,real,0.37280311606077243,负,陈述,0.498
BV1bmTb6EEka,1783174445,89,木卜有点二,一百多万的粉丝了。。。把Ai语音换了吧，别用小明剑魔得了，万一某天被发现起诉啥的。不好说,1,real,0.2969208502675331,负,吐槽,0.826
BV1bmTb6EEka,1783423557,6,我不是der啊,这个博主教程基本都不能吃，感觉全是AI文案,0,real,0.5775418969369777,中,陈述,0.491
BV1bmTb6EEka,1783403561,9,层栏隔断春酒,其他视频加个解说就行了？,0,real,0.6600826405251702,正,提问,0.367
BV1bmTb6EEka,1783417657,16,User瓜,我真的有点不理解，这些做菜视频应该都不是他的吧？,0,real,0.5907617573583949,中,提问,0.605
BV1bmTb6EEka,1783277879,3043,delGin,所有肥肉的介绍都是肥而不腻，但是至今没吃过真正肥而不腻的肉，有谁给推荐个真的？,406,real,0.2259075895803373,负,提问,1.0
BV1bmTb6EEka,1783406939,1382,ゴゴゴゴゴゴゴ,实际上自己做很可能用花更多钱，你可能翻车，可能买了原料但就想做一次，其他的全浪费，或者没做好接着做，总之没啥用不如直接买,71,real,0.010046445415891725,负,陈述,1.0
BV1bmTb6EEka,1783183112,2554,离雨桃,一口香，两口腻，三口哇哇吐一地,22,real,0.10598028359545497,负,陈述,0.75
BV1bmTb6EEka,1783318101,1627,我是zwq,交作业了，味道不错,18,real,0.9256158260777306,正,陈述,0.65
BV1bmTb6EEka,1783422888,862,粉色臭奶龙,让我老母给我做😋,31,real,0.9382607583992725,正,陈述,0.623
BV1mAMc6BEBR,1783161082,1047,天降泔露,什么品种的弓形虫劲儿这么大？,4,real,0.5221922055792575,中,提问,0.733
BV1mAMc6BEBR,1783202640,731,污明不明,《她不是认主了，她是认栽了。》,4,real,0.07298883586785321,负,陈述,0.727
BV1mAMc6BEBR,1783167467,1337,魔法少爷老王,肘飞了全公司的人才抢到的[妙啊],4,real,0.8909708648756167,正,陈述,0.767
BV1mAMc6BEBR,1783174394,1031,最后之作20001,这一路肘来不容易吧,4,real,0.6461568619285443,正,陈述,0.65
BV1mAMc6BEBR,1783231048,6728,Ch陌紫竹,同事：她足足肘飞了20多个人！！,20,real,0.08961094469444297,负,陈述,0.767
BV1mAMc6BEBR,1783148571,629,阳光驱散灵魂,娘娘家的猫怎么都是一副生死看淡的表情,13,real,0.9248940715057775,正,提问,0.766
BV1mAMc6BEBR,1783161371,1039,武毛哥,"我一直有个疑问，
听说宠物和主人时间长了，性格会越来越像，那为啥臭宝和石矶娘娘性格差距这么大",8,real,0.4911666355453931,中,陈述,1.0
BV1mAMc6BEBR,1783165229,202,DevonR白,"同事倒在地上，眼睁睁看着昔日同僚把猫儿抢走。他徒劳地伸手，掌心还残留着那团温热的触感。
“是我没保护好你。”
一滴泪顺着脸颊滑落，他眼中的光，灭了。",3,real,0.9964226956485178,正,陈述,0.885
BV1mAMc6BEBR,1783398069,223,南酱忠诚粉丝,怎么做到在人疯的情况下猫不疯的,2,real,0.12181142410511159,负,提问,0.642
BV1mAMc6BEBR,1783147734,4468,小芝士lin,结果20连肘，把同事肘飞了才抢到[吃瓜],9,real,0.3499629446180196,负,陈述,0.833
BV1U7Mu6cEpy,1783250508,3325,熊猫麻辣鹿,四代现在非常非常需要去营造这个竞争的环境。 竞争，不是不痛不痒的选part，而是要决定有没有part，他们意识到如果我不努力，我会失去这个舞台，他们才会真正的愿意去练习[笑哭]（当然如果你本来就不想出道，那就当我乱说的就一直溺爱他们吧）,81,real,0.3167539315248332,负,提问,1.0
BV1U7Mu6cEpy,1783249362,4305,芝士味の橹,"🩵🩵🩵 #王橹杰 # 王橹杰用颜值定义门面高度❄️用嗓音书写主唱实力🎤棋盘光影里逆光而立的身影🌊是永远愿意突破自我的他✨
橹橹是全天下最棒的小孩_(≧∇≦」∠)_",112,real,0.9999877414027433,正,夸奖,1.0
BV1U7Mu6cEpy,1783254208,1423,戀俊,🩵Lumos对Feris全肯定💠✨🩵🩵我们缔结契约，从今往后我们会陪伴你直到永远💠✨🩵🩵只要闭上眼睛，头靠着头，世界就只剩我们了💠✨🩵,17,real,0.9815602714693508,正,陈述,1.0
BV1U7Mu6cEpy,1783253594,2067,橹lucking,"🩵🩵🩵 #王橹杰 # 王橹杰用颜值定义门面高度❄️用嗓音书写主唱实力🎤棋盘光影里逆光而立的身影🌊是永远愿意突破自我的他✨
橹橹是全天下最棒的小孩",35,real,0.9999889635750182,正,夸奖,1.0
BV1U7Mu6cEpy,1783252169,1541,豚名为橹,「王橹杰」萌物中的萌物🩵萌物中的支配者🩵萌物中的统治者🩵萌物之主🩵萌物的终结者🩵萌神🩵萌王🩵压倒性的萌物🩵萌物史上永垂不朽的巅峰,19,real,0.9998647595472232,正,陈述,1.0
BV1U7Mu6cEpy,1783251832,3060,sun空夜灵,橹橹你也是优秀的孩子 继续努力加油在舞台上让我们看到你吧！,76,real,0.9967424286117744,正,陈述,0.983
BV1U7Mu6cEpy,1783249354,3084,JE_065,宝宝是我见过最乖、最萌、最甜、最温柔最贴心、最干净、最聪明、最精致、最利落最爽快、最清醒、最有活力、最安静、最省心、最乖巧、最勤快、最精神、最机灵、最专注、最自律、最认真、最靠谱、最柔软、最整洁、最体面、最白净、最不挑食、最乖顺、最懂节制、最会睡、最会休息、最懂劳逸结合、最匀称、最健康、最娇憨、最灵巧、最敏捷、最活泼、最开朗、最健谈、最有精神、最积极、最元气、最有方向感、最记性好、最井井有条、最条理分明、最规规矩矩、最勤快利落、最麻利高效、最清清爽爽、最干干净净、最有精气神、最活力满满、最精神抖数、最神采奕奕的宝宝,70,real,1.0,正,陈述,1.0
BV1U7Mu6cEpy,1783255036,1845,等雪的来信,🩵🩵🩵💠围城待破 锋芒已露✨王橹杰用颜值定义门面高度❄️用嗓音书写主唱实力🎤棋盘光影里逆光而立的身影🌊是永远愿意突破自我的他✨陪王橹杰一起突围破局🩵🩵🩵,28,real,0.9999937280150852,正,陈述,1.0
BV1U7Mu6cEpy,1783255226,1555,寄生寂生,"🩵🩵🩵 #王橹杰 # 王橹杰用颜值定义门面高度❄️用嗓音书写主唱实力🎤棋盘光影里逆光而立的身影🌊是永远愿意突破自我的他✨
橹橹是全天下最棒的小孩",13,real,0.9999889635750182,正,夸奖,1.0
BV1U7Mu6cEpy,1783252511,2812,网易阳阴師手游,我来鹅城只办三件事🩵,92,real,0.42420133386613634,中,陈述,0.667
BV1FFMw6hEdw,1783221043,7114,Sabrina匠匠日记,"出pv前：一定是帕尤卡卡吧
说不定是异格麦哲伦呢
出pv后：",26,real,0.08977579406590142,负,陈述,1.0
BV1FFMw6hEdw,1783220462,5156,恶道早已行尽,按照前瞻的说法，加攻速藏品恐成黑流树海肉鸽最大内鬼,263,real,0.7331763742822311,正,陈述,0.917
BV1FFMw6hEdw,1783220834,5092,Loong-LZY,这估计是舟同一职业出六星干员间隔最长的吧,103,real,0.27617138451615353,负,陈述,0.833
BV1FFMw6hEdw,1783221284,6130,茨木贼可爱,黑流pv里的手就是她的！,50,real,0.511513551421144,中,陈述,0.7
BV1FFMw6hEdw,1783220496,3478,t0级爱鹅TV,鹰角是自由的，这谁能猜到[笑哭][笑哭][笑哭]，轰击术师[doge][doge][doge]，保密工作做的真好,160,real,0.9996670075572353,正,陈述,1.0
BV1FFMw6hEdw,1783220839,3494,老学鳩,我好像在哪见过你,65,real,0.3013456553412698,负,陈述,0.633
BV1FFMw6hEdw,1783220639,3635,豆豉蒸鱼real,你们看到的可能是青春洋溢的海边着装和精密的摄像机器，我看到的是肉鸽术士券的四星战神,47,real,0.9116191378992113,正,陈述,1.0
BV1FFMw6hEdw,1783220960,2545,罗德艾兰的博士,陨星这算不算距离上一个皮肤之后出下一个皮肤间隔最长的？当年我还用陨星打的打的龙门市区,53,real,0.6209462779121171,正,提问,1.0
BV1FFMw6hEdw,1783224011,2035,朔l望,没有猜错的话这应该是y模了(减部署费用的),33,real,0.2588748305181192,负,建议,0.85
BV1FFMw6hEdw,1783221130,2531,甲烯CH2,其实谬因早在四年前的尘影余音就出现了,11,real,0.9652575579680337,正,陈述,0.8
BV1aMTy6cEhB,1783316018,467,冰裂qaq,自此，哈基米叮咚鸡和大狗叫三分天下，各自称王,8,real,0.47490838938335767,中,陈述,0.812
BV1aMTy6cEhB,1783253922,209,八月大脑虎,大狗叫可以单干了,5,real,0.16455928179512735,负,陈述,0.52
BV1aMTy6cEhB,1783303150,119,天罡星大巫师,叮咚鸡试探了一辈子，大狗叫真单干了,3,real,0.7525659929709818,正,陈述,0.63
BV1aMTy6cEhB,1783379037,121,無嫙,我说白了，中国人在玩抽象这块，祖师爷级别的。已经衍生出大狗叫和哈基米两大流派了[doge],2,real,0.9897397064245033,正,陈述,0.848
BV1aMTy6cEhB,1783402202,261,eStar-绯英,大狗叫全盘否定哈基米,16,real,0.6641627980626822,正,陈述,0.57
BV1aMTy6cEhB,1783251337,4470,奇米偶,哈基米为曼波死，大狗叫为搞盒蒜,12,real,0.4274663110618281,中,陈述,0.75
BV1aMTy6cEhB,1783262286,2034,梦长生_,时间过得真快啊,5,real,0.7062314268440747,正,陈述,0.617
BV1aMTy6cEhB,1783264094,3922,一壶呼呼呼,难道说大狗叫音乐真的要超越哈基米了？！,52,real,0.1069887644675841,负,提问,0.817
BV1aMTy6cEhB,1783277881,164,黑心懒屁股,冷知识，2020年已经是6年前了。最后时刻的时候，已经是上一届世界杯的2022年[藏狐],7,real,0.9785393005359964,正,陈述,0.87
BV1aMTy6cEhB,1783274593,805,KRONOA,大狗叫真的单干了[米雪儿·绮星梦使 应援装扮_闹],5,real,0.9057511178000153,正,陈述,0.901
